Draw,Draw Date,1,2,3,4,5,6,Bonus Ball,2nd Bonus Ball,Power Ball
2511,Wednesday 27 August 2025,9,12,13,14,21,32,28,,2
2510,Saturday 23 August 2025,13,16,25,17,31,24,38,,8
2509,Wednesday 20 August 2025,16,11,7,37,12,27,26,,9
2508,Saturday 16 August 2025,33,39,38,28,34,6,40,,10
2507,Wednesday 13 August 2025,10,9,15,22,27,35,25,,10
2506,Saturday 09 August 2025,19,21,11,35,6,33,27,,3
2505,Wednesday 06 August 2025,10,14,12,20,1,11,24,,10
2504,Saturday 02 August 2025,19,29,28,40,31,3,2,,9
2503,Wednesday 30 July 2025,33,5,10,27,38,28,40,,6
2502,Saturday 26 July 2025,18,37,30,9,29,34,21,,6
2501,Wednesday 23 July 2025,4,24,20,9,14,26,38,,7
2500,Saturday 19 July 2025,6,16,4,37,33,12,39,,3
2499,Wednesday 16 July 2025,31,26,33,28,8,19,2,,5
2498,Saturday 12 July 2025,20,29,18,13,17,8,38,,1
2497,Wednesday 09 July 2025,39,32,38,20,28,36,24,,7
2496,Saturday 05 July 2025,6,20,25,14,9,32,18,,4
2495,Wednesday 02 July 2025,4,26,3,40,27,6,7,,9
2494,Saturday 28 June 2025,10,31,34,21,2,22,20,,10
2493,Wednesday 25 June 2025,20,16,40,35,11,6,31,,10
2492,Saturday 21 June 2025,11,35,3,20,19,27,31,,7
2491,Wednesday 18 June 2025,28,6,11,32,23,33,19,,6
2490,Saturday 14 June 2025,1,13,7,23,2,34,9,,6
2489,Wednesday 11 June 2025,5,18,32,9,11,16,3,,1
2488,Saturday 07 June 2025,2,16,6,22,11,34,8,,4
2487,Wednesday 04 June 2025,35,11,9,14,10,6,30,,10
2486,Saturday 31 May 2025,1,2,34,29,35,32,21,,5
2485,Wednesday 28 May 2025,25,40,18,1,10,15,20,,7
2484,Saturday 24 May 2025,36,1,7,38,29,27,12,,2
2483,Wednesday 21 May 2025,6,24,5,37,3,27,17,,10
2482,Saturday 17 May 2025,15,25,22,6,2,19,5,,7
2481,Wednesday 14 May 2025,6,28,27,8,1,21,12,,9
2480,Saturday 10 May 2025,17,22,4,27,35,14,31,,6
2479,Wednesday 07 May 2025,18,11,9,26,13,36,25,,7
2478,Saturday 03 May 2025,13,22,21,23,11,1,28,,10
2477,Wednesday 30 April 2025,12,14,38,20,24,1,10,,4
2476,Saturday 26 April 2025,23,5,40,13,11,2,4,,9
2475,Wednesday 23 April 2025,10,31,24,19,22,40,37,,1
2474,Saturday 19 April 2025,29,1,4,11,9,23,2,,3
2473,Wednesday 16 April 2025,10,39,4,9,32,25,28,,6
2472,Saturday 12 April 2025,23,10,15,22,32,13,35,,2
2471,Wednesday 09 April 2025,14,21,33,8,24,15,34,,1
2470,Saturday 05 April 2025,38,27,37,21,39,3,18,,5
2469,Wednesday 02 April 2025,40,29,33,14,26,25,20,,7
2468,Saturday 29 March 2025,14,4,36,21,15,11,24,,6
2467,Wednesday 26 March 2025,12,18,8,29,22,31,17,,10
2466,Saturday 22 March 2025,6,12,5,24,26,19,3,,9
2465,Wednesday 19 March 2025,13,27,25,26,4,1,16,,6
2464,Saturday 15 March 2025,12,10,4,29,27,36,31,,6
2463,Wednesday 12 March 2025,31,25,29,33,9,1,27,,7
2462,Saturday 08 March 2025,23,11,5,38,39,12,1,,6
2461,Wednesday 05 March 2025,6,17,33,9,11,14,10,,6
2460,Saturday 01 March 2025,2,17,20,22,30,27,21,,8
2459,Wednesday 26 February 2025,29,22,11,23,21,38,2,,4
2458,Saturday 22 February 2025,4,8,10,16,23,33,34,,10
2457,Wednesday 19 February 2025,21,13,24,18,11,38,1,,5
2456,Saturday 15 February 2025,16,21,5,13,37,14,23,,3
2455,Wednesday 12 February 2025,2,34,28,33,10,31,29,,8
2454,Saturday 08 February 2025,9,15,7,12,1,33,10,,3
2453,Wednesday 05 February 2025,1,37,18,21,5,11,13,,5
2452,Saturday 01 February 2025,34,24,30,4,1,39,36,,8
2451,Wednesday 29 January 2025,3,40,15,1,27,16,20,,5
2450,Saturday 25 January 2025,34,9,1,17,23,38,25,,6
2449,Wednesday 22 January 2025,25,5,10,1,20,16,28,,6
2448,Saturday 18 January 2025,13,12,38,34,26,21,14,,3
2447,Wednesday 15 January 2025,37,3,34,9,40,20,19,,8
2446,Saturday 11 January 2025,10,40,7,13,22,37,17,,6
2445,Wednesday 08 January 2025,20,32,33,14,34,15,13,,9
2444,Saturday 04 January 2025,28,31,2,16,36,20,11,,6
2443,Wednesday 01 January 2025,27,8,17,21,16,23,32,,5
2442,Saturday 28 December 2024,9,2,36,19,30,26,13,,4
2441,Wednesday 25 December 2024,31,15,18,29,6,13,26,,2
2440,Saturday 21 December 2024,2,24,3,21,9,33,11,,8
2439,Wednesday 18 December 2024,13,35,3,14,31,23,32,,1
2438,Saturday 14 December 2024,14,32,21,24,17,10,4,,10
2437,Wednesday 11 December 2024,32,19,25,39,35,18,9,,10
2436,Saturday 07 December 2024,27,16,3,24,7,29,13,,9
2435,Wednesday 04 December 2024,23,35,17,6,7,20,39,,6
2434,Saturday 30 November 2024,27,28,25,3,17,10,11,,1
2433,Wednesday 27 November 2024,25,27,39,12,28,17,5,,10
2432,Saturday 23 November 2024,22,27,3,40,17,29,9,,8
2431,Wednesday 20 November 2024,40,15,38,7,30,20,16,,5
2430,Saturday 16 November 2024,28,12,5,39,3,19,7,,7
2429,Wednesday 13 November 2024,11,30,38,29,3,32,23,,2
2428,Saturday 09 November 2024,2,28,18,16,12,13,21,,7
2427,Wednesday 06 November 2024,31,38,30,17,7,40,14,,2
2426,Saturday 02 November 2024,5,13,21,39,33,29,23,,10
2425,Wednesday 30 October 2024,10,31,25,36,22,24,39,,1
2424,Saturday 26 October 2024,28,25,1,26,10,17,19,,5
2423,Wednesday 23 October 2024,32,17,28,30,21,12,36,,10
2422,Saturday 19 October 2024,15,20,26,21,30,2,5,,1
2421,Wednesday 16 October 2024,18,40,17,5,11,6,19,,4
2420,Saturday 12 October 2024,28,20,24,10,11,33,23,,1
2419,Wednesday 09 October 2024,10,1,3,38,32,24,7,,3
2418,Saturday 05 October 2024,3,36,11,12,30,2,6,,6
2417,Wednesday 02 October 2024,12,10,39,22,28,31,17,,8
2416,Saturday 28 September 2024,12,16,28,34,24,35,32,,8
2415,Wednesday 25 September 2024,5,30,2,17,27,3,10,,10
2414,Saturday 21 September 2024,25,19,12,21,36,10,34,,6
2413,Wednesday 18 September 2024,1,8,34,5,37,19,13,,3
2412,Saturday 14 September 2024,22,18,15,31,3,32,27,,10
2411,Wednesday 11 September 2024,22,15,10,3,26,19,4,,8
2410,Saturday 07 September 2024,40,4,9,33,2,8,17,,8
2409,Wednesday 04 September 2024,9,36,16,35,31,28,24,,2
2408,Saturday 31 August 2024,16,39,14,8,34,24,4,,2
2407,Wednesday 28 August 2024,37,31,1,4,35,20,13,,9
2406,Saturday 24 August 2024,5,10,25,38,14,19,34,,3
2405,Wednesday 21 August 2024,7,38,30,17,12,16,6,,6
2404,Saturday 17 August 2024,36,7,37,33,34,22,32,,8
2403,Wednesday 14 August 2024,12,29,32,25,5,24,15,,10
2402,Saturday 10 August 2024,24,17,25,30,6,3,36,,1
2401,Wednesday 07 August 2024,40,30,29,15,31,13,12,,3
2400,Saturday 03 August 2024,17,28,29,27,19,1,24,,1
2399,Wednesday 31 July 2024,8,17,25,36,33,31,18,,4
2398,Saturday 27 July 2024,14,38,34,1,10,12,30,,8
2397,Wednesday 24 July 2024,38,29,1,18,31,11,24,,10
2396,Saturday 20 July 2024,25,30,10,4,40,2,11,,9
2395,Wednesday 17 July 2024,13,6,34,7,33,31,20,,5
2394,Saturday 13 July 2024,11,19,15,31,13,38,7,,8
2393,Wednesday 10 July 2024,2,7,40,23,30,16,36,,10
2392,Saturday 06 July 2024,16,9,12,17,24,28,18,,3
2391,Wednesday 03 July 2024,28,34,35,37,27,12,25,,2
2390,Saturday 29 June 2024,32,7,34,8,1,35,27,,9
2389,Wednesday 26 June 2024,36,34,12,32,39,16,3,,1
2388,Saturday 22 June 2024,30,1,10,31,17,3,25,,4
2387,Wednesday 19 June 2024,2,16,26,18,8,23,20,,7
2386,Saturday 15 June 2024,3,38,40,8,20,13,35,,2
2385,Wednesday 12 June 2024,16,19,7,30,9,35,27,,4
2384,Saturday 08 June 2024,22,35,10,30,21,37,5,,2
2383,Wednesday 05 June 2024,13,15,23,22,33,2,32,,3
2382,Saturday 01 June 2024,34,39,15,20,33,38,16,,7
2381,Wednesday 29 May 2024,10,27,8,16,35,29,19,,3
2380,Saturday 25 May 2024,10,28,7,37,33,39,4,,4
2379,Wednesday 22 May 2024,21,10,19,36,39,29,14,,10
2378,Saturday 18 May 2024,20,40,13,31,21,22,7,,7
2377,Wednesday 15 May 2024,13,28,6,37,21,11,29,,3
2376,Saturday 11 May 2024,11,19,32,38,35,31,39,,9
2375,Wednesday 08 May 2024,12,28,17,13,6,29,19,,1
2374,Saturday 04 May 2024,11,13,20,15,38,30,25,,8
2373,Wednesday 01 May 2024,14,17,34,12,25,20,35,,10
2372,Saturday 27 April 2024,16,21,6,5,4,12,18,,10
2371,Wednesday 24 April 2024,37,27,21,34,19,30,20,,5
2370,Saturday 20 April 2024,5,30,26,23,33,32,19,,10
2369,Wednesday 17 April 2024,1,2,14,17,15,19,34,,9
2368,Saturday 13 April 2024,14,20,33,31,11,36,26,,2
2367,Wednesday 10 April 2024,8,21,24,12,17,11,9,,10
2366,Saturday 06 April 2024,2,21,30,10,5,6,36,,3
2365,Wednesday 03 April 2024,17,16,29,9,30,11,25,,2
2364,Saturday 30 March 2024,30,3,40,29,32,20,14,,5
2363,Wednesday 27 March 2024,38,8,6,25,15,12,7,,8
2362,Saturday 23 March 2024,37,11,7,28,16,9,15,,4
2361,Wednesday 20 March 2024,1,21,18,32,23,37,36,,8
2360,Saturday 16 March 2024,17,33,20,7,38,5,39,,10
2359,Wednesday 13 March 2024,15,5,24,36,30,23,34,,8
2358,Saturday 09 March 2024,15,34,22,24,36,12,23,,5
2357,Wednesday 06 March 2024,17,27,38,35,33,13,19,,8
2356,Saturday 02 March 2024,28,40,5,29,1,6,17,,1
2355,Wednesday 28 February 2024,5,30,26,28,13,34,15,,2
2354,Saturday 24 February 2024,16,35,6,36,13,38,7,,3
2353,Wednesday 21 February 2024,28,1,20,22,34,24,29,,2
2352,Saturday 17 February 2024,22,6,10,34,5,24,26,,7
2351,Wednesday 14 February 2024,40,32,27,22,26,25,35,,1
2350,Saturday 10 February 2024,10,33,40,5,28,17,3,,3
2349,Wednesday 07 February 2024,3,38,24,2,37,27,26,,9
2348,Saturday 03 February 2024,17,35,11,16,1,20,26,,1
2347,Wednesday 31 January 2024,40,10,6,36,2,25,38,,10
2346,Saturday 27 January 2024,8,20,25,32,11,13,7,,1
2345,Wednesday 24 January 2024,40,12,26,13,3,5,1,,8
2344,Saturday 20 January 2024,23,33,18,21,17,3,9,,7
2343,Wednesday 17 January 2024,25,1,12,18,40,3,30,,10
2342,Saturday 13 January 2024,5,15,27,9,12,7,21,,2
2341,Wednesday 10 January 2024,4,13,34,28,12,5,24,,4
2340,Saturday 06 January 2024,29,25,16,31,8,37,12,,9
2339,Wednesday 03 January 2024,35,13,15,23,22,10,21,,9
2338,Saturday 30 December 2023,17,10,25,38,15,33,30,,7
2337,Wednesday 27 December 2023,13,4,21,7,16,9,6,,6
2336,Saturday 23 December 2023,38,30,14,12,35,40,23,,2
2335,Wednesday 20 December 2023,15,38,40,2,37,26,20,,7
2334,Saturday 16 December 2023,7,37,1,31,35,23,5,,7
2333,Wednesday 13 December 2023,34,40,24,10,21,4,31,,4
2332,Saturday 09 December 2023,16,4,30,27,22,24,5,,3
2331,Wednesday 06 December 2023,40,27,34,36,23,17,9,,1
2330,Saturday 02 December 2023,18,34,1,33,36,16,15,,8
2329,Wednesday 29 November 2023,14,36,5,2,3,9,25,,9
2328,Saturday 25 November 2023,13,35,37,31,16,33,19,,9
2327,Wednesday 22 November 2023,16,19,3,34,25,9,1,,5
2326,Saturday 18 November 2023,12,33,11,27,7,39,24,,5
2325,Wednesday 15 November 2023,36,17,7,12,19,34,21,,10
2324,Saturday 11 November 2023,19,23,5,40,39,31,25,,1
2323,Wednesday 08 November 2023,2,25,20,11,39,3,14,,10
2322,Saturday 04 November 2023,12,10,23,25,24,11,6,,10
2321,Wednesday 01 November 2023,6,28,13,2,32,26,16,,8
2320,Saturday 28 October 2023,35,14,2,36,24,22,9,,6
2319,Wednesday 25 October 2023,10,21,9,26,35,20,6,,2
2318,Saturday 21 October 2023,40,29,13,26,33,8,23,,4
2317,Wednesday 18 October 2023,36,11,40,13,6,28,32,,1
2316,Saturday 14 October 2023,9,36,20,6,12,4,5,,1
2315,Wednesday 11 October 2023,1,14,7,12,19,31,30,,10
2314,Saturday 07 October 2023,28,34,25,38,36,5,15,,1
2313,Wednesday 04 October 2023,26,8,14,19,23,13,6,,3
2312,Saturday 30 September 2023,1,27,31,22,29,21,3,,3
2311,Wednesday 27 September 2023,27,3,9,19,6,11,23,,6
2310,Saturday 23 September 2023,15,37,28,25,27,40,33,,5
2309,Wednesday 20 September 2023,12,37,27,29,38,4,30,,10
2308,Saturday 16 September 2023,34,13,35,32,5,20,6,,6
2307,Wednesday 13 September 2023,40,21,33,16,1,2,39,,9
2306,Saturday 09 September 2023,37,8,4,24,17,32,12,,1
2305,Wednesday 06 September 2023,25,22,32,26,36,13,21,,4
2304,Saturday 02 September 2023,39,6,36,5,1,20,2,,8
2303,Wednesday 30 August 2023,17,30,40,9,22,36,20,,5
2302,Saturday 26 August 2023,23,36,22,26,30,39,28,,2
2301,Wednesday 23 August 2023,1,14,17,24,15,18,8,,6
2300,Saturday 19 August 2023,26,28,5,18,39,31,16,,9
2299,Wednesday 16 August 2023,17,29,7,19,38,36,20,,5
2298,Saturday 12 August 2023,23,15,31,19,20,33,8,,1
2297,Wednesday 09 August 2023,13,40,35,14,4,34,15,,7
2296,Saturday 05 August 2023,24,18,28,32,26,23,16,,1
2295,Wednesday 02 August 2023,27,23,28,32,6,25,17,,9
2294,Saturday 29 July 2023,13,34,4,18,21,10,40,,3
2293,Wednesday 26 July 2023,25,23,17,19,27,37,13,,8
2292,Saturday 22 July 2023,22,3,25,24,4,12,10,,9
2291,Wednesday 19 July 2023,38,6,28,23,20,35,2,,2
2290,Saturday 15 July 2023,7,34,24,15,21,11,6,,1
2289,Wednesday 12 July 2023,34,29,37,22,8,36,11,,6
2288,Saturday 08 July 2023,8,25,32,10,18,6,2,,4
2287,Wednesday 05 July 2023,36,26,7,38,29,4,23,,5
2286,Saturday 01 July 2023,30,24,34,25,23,9,10,,5
2285,Wednesday 28 June 2023,33,31,15,5,4,8,29,,10
2284,Saturday 24 June 2023,23,21,6,22,7,40,29,,10
2283,Wednesday 21 June 2023,28,16,8,10,32,4,40,,10
2282,Saturday 17 June 2023,2,13,10,17,19,21,30,,1
2281,Wednesday 14 June 2023,9,3,22,37,2,18,23,,8
2280,Saturday 10 June 2023,2,23,10,15,24,40,27,,1
2279,Wednesday 07 June 2023,24,37,15,34,6,30,29,,7
2278,Saturday 03 June 2023,3,6,19,29,25,4,18,,7
2277,Wednesday 31 May 2023,3,11,25,21,14,18,23,,8
2276,Saturday 27 May 2023,17,15,21,4,29,22,2,,3
2275,Wednesday 24 May 2023,5,33,28,30,38,17,34,,8
2274,Saturday 20 May 2023,37,32,40,31,14,38,22,,1
2273,Wednesday 17 May 2023,12,13,20,23,2,38,36,,6
2272,Saturday 13 May 2023,18,19,34,16,7,17,26,,3
2271,Wednesday 10 May 2023,20,31,4,38,22,35,29,,6
2270,Saturday 06 May 2023,25,15,10,18,8,27,21,,1
2269,Wednesday 03 May 2023,11,33,39,20,8,30,18,,10
2268,Saturday 29 April 2023,25,40,36,27,4,8,19,,3
2267,Wednesday 26 April 2023,23,15,40,36,29,3,4,,7
2266,Saturday 22 April 2023,34,12,21,13,1,18,6,,9
2265,Wednesday 19 April 2023,25,27,13,2,33,3,22,,3
2264,Saturday 15 April 2023,19,35,2,23,1,29,36,,4
2263,Wednesday 12 April 2023,12,10,28,19,1,35,34,,5
2262,Saturday 08 April 2023,31,24,12,36,34,37,39,,4
2261,Wednesday 05 April 2023,17,28,14,25,5,38,13,,7
2260,Saturday 01 April 2023,20,33,18,10,7,40,17,,10
2259,Wednesday 29 March 2023,35,23,24,14,37,36,29,,9
2258,Saturday 25 March 2023,19,5,28,8,4,31,38,,7
2257,Wednesday 22 March 2023,33,29,38,7,16,32,9,,1
2256,Saturday 18 March 2023,37,17,4,27,38,11,26,,3
2255,Wednesday 15 March 2023,33,4,5,3,39,24,16,,8
2254,Saturday 11 March 2023,37,19,6,39,26,28,27,,5
2253,Wednesday 08 March 2023,1,17,2,39,23,9,37,,5
2252,Saturday 04 March 2023,11,19,21,25,35,34,9,,1
2251,Wednesday 01 March 2023,15,34,26,35,17,14,30,,1
2250,Saturday 25 February 2023,28,18,22,32,30,14,23,,5
2249,Wednesday 22 February 2023,31,25,23,30,2,1,3,,1
2248,Saturday 18 February 2023,20,22,5,16,33,4,26,,7
2247,Wednesday 15 February 2023,24,7,28,39,27,26,37,,9
2246,Saturday 11 February 2023,36,28,32,14,5,34,10,,8
2245,Wednesday 08 February 2023,29,18,15,2,10,24,5,,4
2244,Saturday 04 February 2023,19,21,13,40,11,36,27,,5
2243,Wednesday 01 February 2023,11,31,39,3,1,9,24,,2
2242,Saturday 28 January 2023,27,16,17,13,28,22,3,,8
2241,Wednesday 25 January 2023,11,30,24,12,5,18,20,,7
2240,Saturday 21 January 2023,37,35,28,4,40,19,30,,7
2239,Wednesday 18 January 2023,28,35,4,7,1,23,17,,7
2238,Saturday 14 January 2023,20,5,38,28,29,32,3,,9
2237,Wednesday 11 January 2023,18,22,24,33,9,10,4,,8
2236,Saturday 07 January 2023,1,7,15,24,30,3,22,,9
2235,Wednesday 04 January 2023,9,23,13,25,16,5,14,,1
2234,Saturday 31 December 2022,36,23,19,33,13,34,4,,8
2233,Wednesday 28 December 2022,33,1,37,27,3,11,26,,7
2232,Saturday 24 December 2022,30,4,3,2,31,19,24,,5
2231,Wednesday 21 December 2022,37,14,26,34,18,7,35,,1
2230,Saturday 17 December 2022,21,24,8,10,20,33,23,,10
2229,Wednesday 14 December 2022,9,31,26,33,32,22,15,,8
2228,Saturday 10 December 2022,5,36,19,24,7,9,15,,1
2227,Wednesday 07 December 2022,13,8,23,40,25,9,12,,7
2226,Saturday 03 December 2022,21,33,9,12,19,1,36,,10
2225,Wednesday 30 November 2022,21,8,12,28,10,4,5,,8
2224,Saturday 26 November 2022,5,31,38,3,27,29,21,,5
2223,Wednesday 23 November 2022,29,16,39,15,20,14,11,,7
2222,Saturday 19 November 2022,12,23,4,26,27,6,19,,9
2221,Wednesday 16 November 2022,24,2,40,34,23,13,19,,4
2220,Saturday 12 November 2022,40,22,26,25,13,37,6,,7
2219,Wednesday 09 November 2022,24,11,26,32,20,10,17,,8
2218,Saturday 05 November 2022,18,27,22,17,12,25,38,,3
2217,Wednesday 02 November 2022,24,22,28,31,20,12,4,,1
2216,Saturday 29 October 2022,17,33,20,32,26,39,9,,6
2215,Wednesday 26 October 2022,21,7,29,15,39,22,37,,2
2214,Saturday 22 October 2022,6,15,34,29,9,33,27,,6
2213,Wednesday 19 October 2022,25,30,17,12,32,10,23,,6
2212,Saturday 15 October 2022,33,2,15,10,4,8,17,,10
2211,Wednesday 12 October 2022,37,22,15,39,9,27,31,,1
2210,Saturday 08 October 2022,31,12,25,4,10,40,36,,1
2209,Wednesday 05 October 2022,16,2,34,8,9,25,21,,10
2208,Saturday 01 October 2022,29,31,4,32,33,16,3,,9
2207,Wednesday 28 September 2022,37,31,3,1,20,6,11,,8
2206,Saturday 24 September 2022,25,27,15,7,26,23,11,,10
2205,Wednesday 21 September 2022,28,8,27,24,13,35,40,,3
2204,Saturday 17 September 2022,38,9,3,37,34,12,18,,2
2203,Wednesday 14 September 2022,31,4,18,34,27,5,30,,8
2202,Saturday 10 September 2022,17,2,10,33,14,21,35,,2
2201,Wednesday 07 September 2022,19,12,38,21,26,5,37,,9
2200,Saturday 03 September 2022,39,16,19,12,38,24,6,,1
2199,Wednesday 31 August 2022,8,24,14,13,31,33,35,,4
2198,Saturday 27 August 2022,21,35,12,30,32,39,17,,6
2197,Wednesday 24 August 2022,30,18,24,34,29,6,31,,1
2196,Saturday 20 August 2022,13,6,28,31,33,38,15,,1
2195,Wednesday 17 August 2022,32,27,11,20,5,1,10,,1
2194,Saturday 13 August 2022,30,19,24,36,28,23,14,,6
2193,Wednesday 10 August 2022,20,2,29,1,32,33,4,,5
2192,Saturday 06 August 2022,13,38,37,29,21,39,2,,10
2191,Wednesday 03 August 2022,7,25,2,28,27,35,40,,7
2190,Saturday 30 July 2022,12,16,6,24,23,36,13,,10
2189,Wednesday 27 July 2022,15,32,19,13,28,20,10,,2
2188,Saturday 23 July 2022,11,7,1,8,33,26,4,,5
2187,Wednesday 20 July 2022,28,5,24,22,25,19,30,,10
2186,Saturday 16 July 2022,31,3,18,34,16,30,17,,8
2185,Wednesday 13 July 2022,15,9,40,3,6,2,8,,3
2184,Saturday 09 July 2022,32,38,23,22,24,2,25,,1
2183,Wednesday 06 July 2022,31,38,24,35,28,10,11,,1
2182,Saturday 02 July 2022,7,23,26,4,33,27,2,,1
2181,Wednesday 29 June 2022,25,27,28,29,10,7,18,,3
2180,Saturday 25 June 2022,33,39,4,37,20,40,29,,2
2179,Wednesday 22 June 2022,5,2,29,9,22,34,1,,7
2178,Saturday 18 June 2022,13,6,33,38,17,15,3,,4
2177,Wednesday 15 June 2022,21,25,9,12,22,35,8,,2
2176,Saturday 11 June 2022,3,4,24,5,40,21,33,,6
2175,Wednesday 08 June 2022,32,11,10,19,17,36,21,,9
2174,Saturday 04 June 2022,10,30,31,5,36,19,34,,7
2173,Wednesday 01 June 2022,2,35,5,9,25,6,13,,2
2172,Saturday 28 May 2022,13,26,30,31,10,17,12,,7
2171,Wednesday 25 May 2022,1,20,14,33,29,3,25,,7
2170,Saturday 21 May 2022,12,19,39,28,15,40,17,,4
2169,Wednesday 18 May 2022,1,37,29,23,31,7,22,,4
2168,Saturday 14 May 2022,35,3,18,7,5,31,4,,6
2167,Wednesday 11 May 2022,28,22,25,37,33,21,2,,1
2166,Saturday 07 May 2022,14,31,39,16,24,5,30,,8
2165,Wednesday 04 May 2022,19,21,28,5,26,31,34,,5
2164,Saturday 30 April 2022,38,15,29,22,2,6,27,,8
2163,Wednesday 27 April 2022,12,19,16,37,24,25,1,,5
2162,Saturday 23 April 2022,3,32,23,19,13,30,25,,5
2161,Wednesday 20 April 2022,19,34,3,17,4,15,11,,5
2160,Saturday 16 April 2022,23,22,4,30,21,37,7,,10
2159,Wednesday 13 April 2022,4,39,32,40,5,31,37,,10
2158,Saturday 09 April 2022,36,35,28,13,4,27,21,,7
2157,Wednesday 06 April 2022,27,10,37,7,38,31,21,,6
2156,Saturday 02 April 2022,30,17,9,2,38,18,37,,8
2155,Wednesday 30 March 2022,15,5,22,4,40,6,39,,1
2154,Saturday 26 March 2022,25,23,5,11,20,2,35,,4
2153,Wednesday 23 March 2022,23,16,24,1,5,39,38,,10
2152,Saturday 19 March 2022,30,17,40,23,31,20,9,,9
2151,Wednesday 16 March 2022,15,14,4,35,11,24,22,,6
2150,Saturday 12 March 2022,5,28,26,22,23,34,32,,5
2149,Wednesday 09 March 2022,5,39,15,16,28,13,9,,3
2148,Saturday 05 March 2022,25,27,12,18,6,5,39,,3
2147,Wednesday 02 March 2022,3,32,38,16,6,23,11,,8
2146,Saturday 26 February 2022,1,21,20,27,36,26,12,,7
2145,Wednesday 23 February 2022,10,27,30,17,12,29,13,,1
2144,Saturday 19 February 2022,29,24,6,17,32,14,38,,5
2143,Wednesday 16 February 2022,5,40,38,7,34,33,2,,8
2142,Saturday 12 February 2022,15,33,11,8,27,32,7,,2
2141,Wednesday 09 February 2022,34,22,3,35,12,31,18,,2
2140,Saturday 05 February 2022,33,5,11,12,39,22,10,,9
2139,Wednesday 02 February 2022,9,29,25,39,16,32,34,,7
2138,Saturday 29 January 2022,25,19,36,12,29,16,35,,3
2137,Wednesday 26 January 2022,38,25,6,34,15,36,1,,8
2136,Saturday 22 January 2022,11,25,2,13,27,4,40,,5
2135,Wednesday 19 January 2022,11,23,13,2,32,4,17,,7
2134,Saturday 15 January 2022,17,30,21,13,20,34,40,,5
2133,Wednesday 12 January 2022,8,24,20,25,32,13,31,,4
2132,Saturday 08 January 2022,24,38,23,16,15,14,28,,8
2131,Wednesday 05 January 2022,17,32,38,9,15,37,20,,5
2130,Saturday 01 January 2022,23,3,20,19,6,29,21,,9
2129,Wednesday 29 December 2021,39,5,7,13,12,40,2,,1
2128,Saturday 25 December 2021,5,1,3,38,11,12,34,,8
2127,Wednesday 22 December 2021,29,35,18,12,17,36,3,,1
2126,Saturday 18 December 2021,6,13,3,14,4,17,9,,7
2125,Wednesday 15 December 2021,27,29,19,4,23,9,28,,5
2124,Saturday 11 December 2021,34,15,20,36,24,31,28,,1
2123,Wednesday 08 December 2021,32,12,28,10,36,5,37,,4
2122,Saturday 04 December 2021,2,29,21,39,24,9,18,,7
2121,Wednesday 01 December 2021,11,10,31,15,6,28,14,,5
2120,Saturday 27 November 2021,31,20,8,26,37,17,7,,4
2119,Wednesday 24 November 2021,20,4,2,13,6,36,28,,5
2118,Saturday 20 November 2021,24,2,3,17,28,4,8,,3
2117,Wednesday 17 November 2021,34,30,6,39,10,7,20,,9
2116,Saturday 13 November 2021,30,6,18,25,16,39,5,,5
2115,Wednesday 10 November 2021,21,9,18,12,40,37,26,,7
2114,Saturday 06 November 2021,26,18,37,5,20,31,15,,4
2113,Wednesday 03 November 2021,17,10,35,25,33,15,16,,5
2112,Saturday 30 October 2021,5,8,7,17,40,21,39,,8
2111,Wednesday 27 October 2021,28,36,27,31,32,38,9,,9
2110,Saturday 23 October 2021,32,13,21,26,18,12,17,,10
2109,Wednesday 20 October 2021,4,19,3,31,2,7,8,,9
2108,Saturday 16 October 2021,28,7,40,32,2,19,13,,1
2107,Wednesday 13 October 2021,30,39,21,5,19,28,2,,10
2106,Saturday 09 October 2021,28,5,1,33,13,37,25,,10
2105,Wednesday 06 October 2021,22,35,37,32,21,9,28,,5
2104,Saturday 02 October 2021,10,14,8,9,23,38,2,,2
2103,Wednesday 29 September 2021,40,38,12,33,23,25,6,,9
2102,Saturday 25 September 2021,23,40,16,5,33,19,20,,1
2101,Wednesday 22 September 2021,28,23,8,21,11,34,4,,3
2100,Saturday 18 September 2021,32,15,6,18,21,19,23,,1
2099,Wednesday 15 September 2021,24,22,14,19,28,37,23,,9
2098,Saturday 11 September 2021,14,17,35,23,4,21,32,,7
2097,Wednesday 08 September 2021,35,33,27,37,3,36,2,,3
2096,Saturday 04 September 2021,12,33,26,35,10,8,11,,7
2095,Wednesday 01 September 2021,18,30,27,10,25,2,40,,1
2094,Saturday 28 August 2021,22,6,26,29,28,39,25,,4
2093,Wednesday 25 August 2021,29,11,38,34,33,12,23,,3
2092,Saturday 21 August 2021,24,23,4,18,14,12,8,,7
2091,Wednesday 18 August 2021,40,18,32,1,5,23,29,,6
2090,Saturday 14 August 2021,29,23,38,35,10,24,25,,1
2089,Wednesday 11 August 2021,10,7,18,25,29,3,16,,1
2088,Saturday 07 August 2021,13,27,14,9,17,11,5,,5
2087,Wednesday 04 August 2021,30,13,28,34,39,26,1,,3
2086,Saturday 31 July 2021,34,8,40,29,6,23,1,,3
2085,Wednesday 28 July 2021,8,9,30,10,20,6,29,,9
2084,Saturday 24 July 2021,7,9,24,35,14,10,1,,8
2083,Wednesday 21 July 2021,29,28,5,38,7,33,23,,3
2082,Saturday 17 July 2021,36,32,3,11,8,5,37,,3
2081,Wednesday 14 July 2021,13,19,21,6,38,12,33,,8
2080,Saturday 10 July 2021,25,26,14,22,19,7,27,,9
2079,Wednesday 07 July 2021,30,8,3,14,15,31,39,,3
2078,Saturday 03 July 2021,12,40,4,21,5,22,7,,2
2077,Wednesday 30 June 2021,9,22,13,1,35,8,15,,6
2076,Saturday 26 June 2021,26,1,11,32,2,6,10,,3
2075,Wednesday 23 June 2021,18,8,38,27,26,17,10,,1
2074,Saturday 19 June 2021,31,12,23,30,13,27,32,,7
2073,Wednesday 16 June 2021,22,35,17,39,26,25,19,,6
2072,Saturday 12 June 2021,12,18,4,15,36,24,3,,9
2071,Wednesday 09 June 2021,35,3,21,29,6,18,19,,1
2070,Saturday 05 June 2021,29,19,17,26,32,39,22,,2
2069,Wednesday 02 June 2021,14,10,37,4,3,38,34,,5
2068,Saturday 29 May 2021,2,35,38,10,16,31,40,,5
2067,Wednesday 26 May 2021,31,7,39,13,16,30,21,,9
2066,Saturday 22 May 2021,39,21,36,19,23,38,40,,9
2065,Wednesday 19 May 2021,22,11,16,34,30,1,18,,9
2064,Saturday 15 May 2021,31,17,6,8,25,26,15,,7
2063,Wednesday 12 May 2021,35,2,29,32,3,26,11,,3
2062,Saturday 08 May 2021,26,6,35,29,34,17,3,,10
2061,Wednesday 05 May 2021,26,9,2,21,25,38,18,,4
2060,Saturday 01 May 2021,7,33,25,30,20,31,12,,6
2059,Wednesday 28 April 2021,35,18,40,6,7,23,17,,10
2058,Saturday 24 April 2021,4,26,21,36,31,5,38,,2
2057,Wednesday 21 April 2021,1,23,38,37,18,33,34,,7
2056,Saturday 17 April 2021,24,1,35,22,8,40,6,,5
2055,Wednesday 14 April 2021,21,1,9,16,23,12,6,,5
2054,Saturday 10 April 2021,24,28,35,23,30,6,20,,10
2053,Wednesday 07 April 2021,15,29,22,10,31,6,38,,2
2052,Saturday 03 April 2021,21,8,16,34,15,25,19,,8
2051,Wednesday 31 March 2021,33,35,34,9,10,11,3,,10
2050,Saturday 27 March 2021,25,6,32,33,31,34,39,,6
2049,Wednesday 24 March 2021,27,17,13,20,2,33,35,,8
2048,Saturday 20 March 2021,23,11,40,17,31,1,14,,5
2047,Wednesday 17 March 2021,4,3,20,33,10,15,28,,4
2046,Saturday 13 March 2021,1,26,19,22,11,7,27,,2
2045,Wednesday 10 March 2021,17,22,6,3,11,15,25,,10
2044,Saturday 06 March 2021,18,11,35,17,1,6,15,,9
2043,Wednesday 03 March 2021,22,9,39,3,20,26,31,,9
2042,Saturday 27 February 2021,38,23,40,32,26,15,13,,3
2041,Wednesday 24 February 2021,31,26,36,24,38,7,40,,5
2040,Saturday 20 February 2021,19,30,10,16,29,7,11,,8
2039,Wednesday 17 February 2021,16,26,15,31,33,25,12,,1
2038,Saturday 13 February 2021,1,18,20,16,8,27,13,,9
2037,Wednesday 10 February 2021,20,8,19,40,26,24,2,,4
2036,Saturday 06 February 2021,3,10,11,2,38,8,35,,5
2035,Wednesday 03 February 2021,32,24,1,26,19,37,17,,7
2034,Saturday 30 January 2021,1,29,18,11,34,20,28,,4
2033,Wednesday 27 January 2021,15,29,10,23,17,28,26,,9
2032,Saturday 23 January 2021,6,40,30,20,4,16,18,,8
2031,Wednesday 20 January 2021,38,6,9,11,5,17,7,,7
2030,Saturday 16 January 2021,2,18,19,17,30,13,38,,3
2029,Wednesday 13 January 2021,37,25,17,35,38,26,31,,4
2028,Saturday 09 January 2021,30,17,14,11,28,34,10,,9
2027,Wednesday 06 January 2021,18,16,32,1,6,23,3,,5
2026,Saturday 02 January 2021,29,20,4,15,36,39,40,,8
2025,Wednesday 30 December 2020,26,5,2,9,28,24,25,,10
2024,Saturday 26 December 2020,38,7,21,1,11,16,2,,5
2023,Wednesday 23 December 2020,38,27,26,34,25,19,11,,8
2022,Saturday 19 December 2020,40,5,37,31,16,39,7,,8
2021,Wednesday 16 December 2020,26,10,17,2,19,12,29,,3
2020,Saturday 12 December 2020,18,9,5,35,1,21,16,,3
2019,Wednesday 09 December 2020,17,29,34,22,20,27,6,,9
2018,Saturday 05 December 2020,10,1,15,4,14,20,8,,7
2017,Wednesday 02 December 2020,4,30,40,2,6,25,12,,8
2016,Saturday 28 November 2020,22,3,13,27,10,37,33,,1
2015,Wednesday 25 November 2020,35,3,29,14,2,30,9,,9
2014,Saturday 21 November 2020,36,19,7,5,15,6,37,,8
2013,Wednesday 18 November 2020,21,23,30,27,38,24,36,,8
2012,Saturday 14 November 2020,26,23,39,10,40,29,15,,6
2011,Wednesday 11 November 2020,17,4,35,3,13,26,2,,4
2010,Saturday 07 November 2020,16,20,24,31,14,1,10,,4
2009,Wednesday 04 November 2020,21,12,5,22,39,25,37,,5
2008,Saturday 31 October 2020,26,22,3,39,28,19,32,,4
2007,Wednesday 28 October 2020,12,35,28,37,17,40,39,,1
2006,Saturday 24 October 2020,13,19,12,36,22,11,2,,6
2005,Wednesday 21 October 2020,26,6,1,38,18,40,7,,9
2004,Saturday 17 October 2020,23,40,19,20,14,22,26,,7
2003,Wednesday 14 October 2020,34,5,1,31,21,16,40,,4
2002,Saturday 10 October 2020,33,32,20,5,1,31,13,,7
2001,Wednesday 07 October 2020,40,23,39,29,19,6,26,,8
2000,Saturday 03 October 2020,30,39,2,32,9,23,3,,7
1999,Wednesday 30 September 2020,12,39,16,25,35,29,33,,1
1998,Saturday 26 September 2020,1,11,37,9,3,23,12,,3
1997,Wednesday 23 September 2020,1,24,18,4,11,17,5,,2
1996,Saturday 19 September 2020,26,6,34,40,17,7,11,,4
1995,Wednesday 16 September 2020,37,11,17,29,18,25,22,,8
1994,Saturday 12 September 2020,17,35,1,32,3,23,18,,1
1993,Wednesday 09 September 2020,36,1,21,15,24,5,13,,5
1992,Saturday 05 September 2020,30,24,14,18,5,10,9,,5
1991,Wednesday 02 September 2020,19,8,17,20,27,15,11,,9
1990,Saturday 29 August 2020,37,8,19,23,14,20,16,,6
1989,Wednesday 26 August 2020,13,15,7,32,40,18,29,,8
1988,Saturday 22 August 2020,36,39,24,20,37,26,4,,4
1987,Wednesday 19 August 2020,30,13,26,37,31,25,15,,9
1986,Saturday 15 August 2020,8,23,27,21,12,22,16,,1
1985,Wednesday 12 August 2020,16,10,25,32,29,34,40,,4
1984,Saturday 08 August 2020,11,23,28,4,16,7,36,,5
1983,Wednesday 05 August 2020,22,20,5,9,19,24,6,,4
1982,Saturday 01 August 2020,22,24,34,16,31,7,20,,2
1981,Wednesday 29 July 2020,40,36,28,37,6,21,17,,8
1980,Saturday 25 July 2020,11,38,40,28,10,12,33,,3
1979,Wednesday 22 July 2020,30,40,20,18,4,10,25,,7
1978,Saturday 18 July 2020,9,1,23,10,22,16,33,,10
1977,Wednesday 15 July 2020,16,10,11,29,19,34,24,,4
1976,Saturday 11 July 2020,40,18,8,29,16,21,2,,8
1975,Wednesday 08 July 2020,14,31,32,37,24,15,17,,5
1974,Saturday 04 July 2020,7,2,30,6,25,23,39,,5
1973,Wednesday 01 July 2020,1,35,25,22,15,39,13,,4
1972,Saturday 27 June 2020,31,29,4,35,8,20,19,,4
1971,Wednesday 24 June 2020,35,39,29,40,4,34,12,,5
1970,Saturday 20 June 2020,2,11,10,29,35,3,23,,8
1969,Wednesday 17 June 2020,35,2,24,38,32,36,40,,6
1968,Saturday 13 June 2020,18,8,17,2,29,27,15,,3
1967,Wednesday 10 June 2020,17,15,22,11,6,12,39,,8
1966,Saturday 06 June 2020,25,10,12,39,11,6,5,,6
1965,Wednesday 03 June 2020,29,40,35,2,30,33,21,,5
1964,Saturday 30 May 2020,12,2,4,28,15,13,5,,10
1963,Wednesday 27 May 2020,9,34,31,1,20,29,25,,1
1962,Saturday 23 May 2020,28,32,12,14,35,10,29,,8
1961,Wednesday 20 May 2020,36,32,8,39,19,38,29,,2
1960,Saturday 16 May 2020,20,31,15,10,26,34,5,,1
1959,Wednesday 13 May 2020,20,5,6,18,29,33,7,,9
1958,Saturday 09 May 2020,38,29,22,27,15,7,33,,10
1957,Wednesday 06 May 2020,9,12,36,23,1,39,13,,6
1956,Saturday 02 May 2020,38,6,7,9,24,22,39,,4
1955,Wednesday 29 April 2020,16,24,11,33,23,29,20,,3
1954,Saturday 25 April 2020,12,22,5,38,19,25,32,,8
1953,Wednesday 22 April 2020,8,16,33,5,31,7,20,,8
1952,Saturday 18 April 2020,4,19,11,1,6,8,34,,1
1951,Wednesday 15 April 2020,22,26,29,3,15,17,18,,5
1950,Saturday 11 April 2020,28,8,25,23,27,17,7,,3
1949,Wednesday 08 April 2020,25,5,20,11,26,40,16,,2
1948,Saturday 04 April 2020,20,10,6,11,13,30,31,,2
1947,Wednesday 01 April 2020,35,28,21,25,8,32,18,,3
1946,Saturday 28 March 2020,3,2,39,19,35,37,23,,10
1945,Wednesday 25 March 2020,17,8,27,7,10,21,29,,7
1944,Saturday 21 March 2020,9,18,16,20,28,19,7,,5
1943,Wednesday 18 March 2020,36,12,18,2,28,20,32,,10
1942,Saturday 14 March 2020,36,25,9,23,13,22,37,,2
1941,Wednesday 11 March 2020,22,29,21,13,40,8,37,,1
1940,Saturday 07 March 2020,26,39,20,7,14,23,12,,2
1939,Wednesday 04 March 2020,30,39,36,5,14,40,7,,10
1938,Saturday 29 February 2020,4,18,27,25,32,28,37,,3
1937,Wednesday 26 February 2020,30,8,2,33,21,3,13,,6
1936,Saturday 22 February 2020,22,8,36,39,15,40,31,,10
1935,Wednesday 19 February 2020,25,35,12,31,24,16,1,,9
1934,Saturday 15 February 2020,31,10,4,17,29,2,5,,1
1933,Wednesday 12 February 2020,2,11,25,21,32,20,7,,3
1932,Saturday 08 February 2020,24,14,13,15,12,38,35,,10
1931,Wednesday 05 February 2020,31,15,3,40,6,2,30,,1
1930,Saturday 01 February 2020,30,20,22,24,32,16,6,,7
1929,Wednesday 29 January 2020,26,10,28,27,31,21,24,,6
1928,Saturday 25 January 2020,34,10,11,24,28,19,29,,9
1927,Wednesday 22 January 2020,29,35,14,1,36,39,5,,5
1926,Saturday 18 January 2020,1,20,24,34,5,37,26,,2
1925,Wednesday 15 January 2020,35,4,6,29,21,32,2,,7
1924,Saturday 11 January 2020,9,16,40,33,13,26,32,,3
1923,Wednesday 08 January 2020,23,2,25,4,6,24,38,,6
1922,Saturday 04 January 2020,12,6,17,24,7,33,23,,2
1921,Wednesday 01 January 2020,23,38,33,14,40,34,10,,8
1920,Saturday 28 December 2019,10,28,24,16,6,34,38,,2
1919,Wednesday 25 December 2019,35,16,13,15,6,38,33,,3
1918,Saturday 21 December 2019,9,14,34,7,20,18,8,,5
1917,Wednesday 18 December 2019,32,6,24,19,34,21,30,,2
1916,Saturday 14 December 2019,23,19,21,34,39,35,26,,5
1915,Wednesday 11 December 2019,7,11,16,39,2,28,5,,7
1914,Saturday 07 December 2019,6,26,27,25,23,9,39,,8
1913,Wednesday 04 December 2019,1,16,30,15,22,8,19,,8
1912,Saturday 30 November 2019,12,26,39,33,18,35,28,,5
1911,Wednesday 27 November 2019,28,1,9,26,4,22,23,,7
1910,Saturday 23 November 2019,16,17,20,22,29,28,6,,5
1909,Wednesday 20 November 2019,2,11,1,17,35,30,7,,10
1908,Saturday 16 November 2019,39,32,19,33,18,13,2,,6
1907,Wednesday 13 November 2019,22,17,2,9,10,31,18,,6
1906,Saturday 09 November 2019,7,6,37,11,23,29,20,,6
1905,Wednesday 06 November 2019,9,10,19,1,7,15,26,,2
1904,Saturday 02 November 2019,27,23,16,35,21,13,26,,10
1903,Wednesday 30 October 2019,10,39,5,11,36,7,20,,4
1902,Saturday 26 October 2019,12,24,16,8,19,20,18,,10
1901,Wednesday 23 October 2019,26,39,20,2,3,24,22,,7
1900,Saturday 19 October 2019,35,38,6,12,21,28,8,,6
1899,Wednesday 16 October 2019,22,29,14,7,17,5,9,,2
1898,Saturday 12 October 2019,30,23,40,25,27,19,37,,1
1897,Wednesday 09 October 2019,29,15,5,27,38,22,13,,3
1896,Saturday 05 October 2019,16,33,20,8,36,9,17,,5
1895,Wednesday 02 October 2019,6,22,4,32,3,25,13,,1
1894,Saturday 28 September 2019,37,15,39,5,13,36,14,,2
1893,Wednesday 25 September 2019,21,31,15,22,5,3,9,,3
1892,Saturday 21 September 2019,14,23,32,19,7,34,2,,3
1891,Wednesday 18 September 2019,21,26,11,36,19,7,17,,10
1890,Saturday 14 September 2019,34,13,26,15,6,22,12,,4
1889,Wednesday 11 September 2019,32,8,38,13,7,24,17,,9
1888,Saturday 07 September 2019,20,1,38,29,31,7,32,,2
1887,Wednesday 04 September 2019,22,30,39,4,6,20,38,,3
1886,Saturday 31 August 2019,30,5,2,24,37,4,33,,9
1885,Wednesday 28 August 2019,25,15,24,4,23,19,21,,3
1884,Saturday 24 August 2019,35,17,2,4,6,22,21,,8
1883,Wednesday 21 August 2019,8,15,23,21,17,6,29,,2
1882,Saturday 17 August 2019,1,32,12,29,10,6,19,,2
1881,Wednesday 14 August 2019,15,40,23,31,35,19,8,,2
1880,Saturday 10 August 2019,23,8,34,31,12,17,40,,8
1879,Wednesday 07 August 2019,24,40,25,3,7,11,35,,6
1878,Saturday 03 August 2019,7,30,34,31,39,17,25,,9
1877,Wednesday 31 July 2019,25,40,4,16,10,22,35,,2
1876,Saturday 27 July 2019,1,4,19,17,6,21,30,,5
1875,Wednesday 24 July 2019,6,27,25,32,23,22,8,,6
1874,Saturday 20 July 2019,5,13,22,24,4,28,6,,6
1873,Wednesday 17 July 2019,16,10,1,18,26,27,30,,8
1872,Saturday 13 July 2019,36,7,16,10,28,33,34,,4
1871,Wednesday 10 July 2019,28,33,35,5,12,38,37,,7
1870,Saturday 06 July 2019,31,33,5,37,17,2,40,,5
1869,Wednesday 03 July 2019,31,38,39,1,15,22,5,,4
1868,Saturday 29 June 2019,37,20,18,10,19,7,29,,7
1867,Wednesday 26 June 2019,32,29,39,38,15,30,28,,2
1866,Saturday 22 June 2019,37,26,14,10,7,12,40,,8
1865,Wednesday 19 June 2019,4,30,19,11,33,31,7,,5
1864,Saturday 15 June 2019,35,27,6,28,25,15,4,,5
1863,Wednesday 12 June 2019,7,39,2,8,6,23,32,,2
1862,Saturday 08 June 2019,10,36,6,27,22,25,17,,10
1861,Wednesday 05 June 2019,27,28,17,39,26,5,33,,1
1860,Saturday 01 June 2019,19,1,22,33,30,37,11,,6
1859,Wednesday 29 May 2019,30,10,20,40,8,26,5,,2
1858,Saturday 25 May 2019,30,10,23,37,2,35,21,,4
1857,Wednesday 22 May 2019,16,3,12,28,14,2,7,,7
1856,Saturday 18 May 2019,25,9,24,20,10,12,7,,1
1855,Wednesday 15 May 2019,14,13,5,21,37,27,22,,6
1854,Saturday 11 May 2019,3,39,20,16,2,19,32,,3
1853,Wednesday 08 May 2019,7,19,11,8,9,28,38,,3
1852,Saturday 04 May 2019,37,4,29,27,36,34,10,,8
1851,Wednesday 01 May 2019,38,32,7,17,37,16,9,,2
1850,Saturday 27 April 2019,8,24,4,37,22,29,35,,2
1849,Wednesday 24 April 2019,35,19,20,38,16,31,23,,1
1848,Saturday 20 April 2019,32,1,39,10,21,37,19,,2
1847,Wednesday 17 April 2019,34,35,9,21,27,18,11,,10
1846,Saturday 13 April 2019,18,26,28,10,1,8,31,,2
1845,Wednesday 10 April 2019,40,32,33,22,31,17,6,,5
1844,Saturday 06 April 2019,10,11,22,28,14,40,12,,8
1843,Wednesday 03 April 2019,30,7,35,12,38,10,24,,6
1842,Saturday 30 March 2019,2,21,18,13,9,3,33,,1
1841,Wednesday 27 March 2019,10,7,5,13,17,37,25,,5
1840,Saturday 23 March 2019,24,27,10,21,36,23,16,,3
1839,Wednesday 20 March 2019,33,10,23,30,21,12,6,,7
1838,Saturday 16 March 2019,21,11,3,37,32,18,20,,5
1837,Wednesday 13 March 2019,8,23,39,14,31,7,25,,6
1836,Saturday 09 March 2019,32,28,20,34,7,25,36,,8
1835,Wednesday 06 March 2019,21,7,16,32,4,36,15,,4
1834,Saturday 02 March 2019,9,12,19,14,8,15,24,,1
1833,Wednesday 27 February 2019,31,36,1,32,9,38,8,,1
1832,Saturday 23 February 2019,31,13,33,36,40,38,34,,9
1831,Wednesday 20 February 2019,7,28,23,22,20,1,39,,4
1830,Saturday 16 February 2019,36,1,35,2,40,27,3,,4
1829,Wednesday 13 February 2019,2,31,26,27,5,6,16,,2
1828,Saturday 09 February 2019,4,25,26,1,37,24,9,,7
1827,Wednesday 06 February 2019,6,15,14,26,8,31,34,,10
1826,Saturday 02 February 2019,29,33,17,9,19,20,14,,2
1825,Wednesday 30 January 2019,40,25,2,38,17,22,8,,9
1824,Saturday 26 January 2019,35,19,31,27,37,13,2,,6
1823,Wednesday 23 January 2019,11,40,10,3,31,13,35,,7
1822,Saturday 19 January 2019,24,33,1,17,32,12,31,,5
1821,Wednesday 16 January 2019,3,8,35,30,21,22,37,,1
1820,Saturday 12 January 2019,24,18,4,40,19,6,27,,6
1819,Wednesday 09 January 2019,4,40,11,23,6,12,10,,6
1818,Saturday 05 January 2019,4,23,34,24,2,20,31,,2
1817,Wednesday 02 January 2019,22,31,15,39,11,35,16,,3
1816,Saturday 29 December 2018,33,15,11,2,35,10,5,,8
1815,Wednesday 26 December 2018,40,29,24,3,32,30,20,,1
1814,Saturday 22 December 2018,25,15,10,31,28,27,38,,3
1813,Wednesday 19 December 2018,23,37,2,30,14,22,35,,2
1812,Saturday 15 December 2018,7,29,22,18,40,5,25,,6
1811,Wednesday 12 December 2018,37,3,29,20,32,30,11,,3
1810,Saturday 08 December 2018,2,16,18,12,38,8,33,,10
1809,Wednesday 05 December 2018,23,5,18,1,24,25,14,,9
1808,Saturday 01 December 2018,34,30,6,39,25,26,10,,3
1807,Wednesday 28 November 2018,19,30,38,20,18,31,24,,7
1806,Saturday 24 November 2018,24,22,8,21,34,25,37,,5
1805,Wednesday 21 November 2018,8,25,7,22,40,32,31,,5
1804,Saturday 17 November 2018,14,25,34,3,27,30,18,,7
1803,Wednesday 14 November 2018,8,6,20,31,24,27,1,,4
1802,Saturday 10 November 2018,10,4,9,27,30,20,8,,6
1801,Wednesday 07 November 2018,15,1,22,40,39,12,7,,10
1800,Saturday 03 November 2018,36,7,23,22,1,29,18,,2
1799,Wednesday 31 October 2018,14,11,15,10,32,16,37,,8
1798,Saturday 27 October 2018,17,15,34,18,10,12,23,,2
1797,Wednesday 24 October 2018,24,37,33,19,9,39,10,,8
1796,Saturday 20 October 2018,28,26,12,4,35,32,21,,1
1795,Wednesday 17 October 2018,26,17,10,5,33,21,25,,7
1794,Saturday 13 October 2018,5,26,34,9,1,4,29,,5
1793,Wednesday 10 October 2018,13,4,37,12,9,2,16,,9
1792,Saturday 06 October 2018,39,13,8,24,29,26,19,,2
1791,Wednesday 03 October 2018,39,1,28,16,32,40,27,,2
1790,Saturday 29 September 2018,24,29,32,15,19,35,30,,4
1789,Wednesday 26 September 2018,32,22,36,26,40,23,35,,1
1788,Saturday 22 September 2018,25,38,36,22,3,35,7,,2
1787,Wednesday 19 September 2018,3,13,7,11,9,5,36,,7
1786,Saturday 15 September 2018,17,8,15,7,2,12,19,,2
1785,Wednesday 12 September 2018,1,3,8,11,19,36,37,,7
1784,Saturday 08 September 2018,29,22,35,18,20,24,17,,2
1783,Wednesday 05 September 2018,35,4,12,30,13,33,37,,6
1782,Saturday 01 September 2018,34,18,36,21,1,8,15,,10
1781,Wednesday 29 August 2018,12,8,21,2,7,32,10,,7
1780,Saturday 25 August 2018,13,4,9,15,8,3,11,,6
1779,Wednesday 22 August 2018,28,2,25,5,15,10,33,,7
1778,Saturday 18 August 2018,27,9,13,7,38,23,20,,3
1777,Wednesday 15 August 2018,35,18,12,33,4,27,19,,8
1776,Saturday 11 August 2018,19,25,38,3,30,32,37,,2
1775,Wednesday 08 August 2018,37,14,25,18,20,17,24,,5
1774,Saturday 04 August 2018,16,22,37,5,32,29,27,,10
1773,Wednesday 01 August 2018,5,21,31,22,34,4,17,,8
1772,Saturday 28 July 2018,14,4,21,17,23,10,35,,1
1771,Wednesday 25 July 2018,35,19,18,10,16,28,9,,9
1770,Saturday 21 July 2018,1,12,34,8,10,31,20,,6
1769,Wednesday 18 July 2018,33,13,5,24,39,2,1,,6
1768,Saturday 14 July 2018,14,17,5,18,33,19,10,,9
1767,Wednesday 11 July 2018,22,23,18,20,35,15,4,,6
1766,Saturday 07 July 2018,29,10,30,15,33,18,27,,9
1765,Wednesday 04 July 2018,21,13,38,6,30,35,25,,2
1764,Saturday 30 June 2018,23,29,12,16,39,31,25,,1
1763,Wednesday 27 June 2018,22,2,34,19,24,27,21,,2
1762,Saturday 23 June 2018,4,39,17,30,15,18,31,,4
1761,Wednesday 20 June 2018,27,1,6,26,33,4,19,,9
1760,Saturday 16 June 2018,17,8,22,7,14,34,3,,10
1759,Wednesday 13 June 2018,10,36,12,37,9,18,1,,4
1758,Saturday 09 June 2018,20,9,4,3,2,24,30,,9
1757,Wednesday 06 June 2018,31,16,23,9,25,32,37,,7
1756,Saturday 02 June 2018,14,29,8,12,7,5,10,,7
1755,Wednesday 30 May 2018,22,29,18,34,28,14,12,,10
1754,Saturday 26 May 2018,13,36,2,37,18,17,40,,9
1753,Wednesday 23 May 2018,38,21,39,1,14,23,7,,5
1752,Saturday 19 May 2018,6,31,25,13,3,37,34,,5
1751,Wednesday 16 May 2018,14,16,29,28,13,1,37,,2
1750,Saturday 12 May 2018,12,10,4,40,38,33,27,,1
1749,Wednesday 09 May 2018,25,21,40,19,23,20,6,,6
1748,Saturday 05 May 2018,6,11,20,40,34,16,19,,9
1747,Wednesday 02 May 2018,25,28,8,2,29,7,11,,7
1746,Saturday 28 April 2018,16,40,36,5,11,4,2,,4
1745,Wednesday 25 April 2018,36,7,15,23,27,3,11,,3
1744,Saturday 21 April 2018,2,9,15,27,32,10,18,,3
1743,Wednesday 18 April 2018,1,35,20,19,24,39,12,,6
1742,Saturday 14 April 2018,21,3,34,35,25,14,23,,10
1741,Wednesday 11 April 2018,21,34,33,7,16,40,9,,4
1740,Saturday 07 April 2018,1,10,19,13,17,23,32,,3
1739,Wednesday 04 April 2018,22,38,1,15,14,13,32,,3
1738,Saturday 31 March 2018,11,6,16,4,23,2,40,,9
1737,Wednesday 28 March 2018,36,1,34,37,12,28,40,,7
1736,Saturday 24 March 2018,15,37,22,18,21,12,32,,5
1735,Wednesday 21 March 2018,35,13,38,29,14,9,27,,1
1734,Saturday 17 March 2018,24,19,15,25,40,16,31,,4
1733,Wednesday 14 March 2018,20,18,28,19,17,24,30,,3
1732,Saturday 10 March 2018,40,34,1,37,12,14,22,,10
1731,Wednesday 07 March 2018,25,3,34,29,23,15,1,,6
1730,Saturday 03 March 2018,2,19,34,35,38,12,3,,9
1729,Wednesday 28 February 2018,10,40,18,20,16,3,35,,2
1728,Saturday 24 February 2018,19,2,32,40,16,25,36,,2
1727,Wednesday 21 February 2018,9,31,17,3,25,11,10,,3
1726,Saturday 17 February 2018,30,35,29,37,31,36,19,,5
1725,Wednesday 14 February 2018,14,35,23,26,36,37,30,,6
1724,Saturday 10 February 2018,5,33,2,4,30,22,16,,7
1723,Wednesday 07 February 2018,25,11,29,39,17,34,1,,5
1722,Saturday 03 February 2018,29,11,38,2,30,15,36,,7
1721,Wednesday 31 January 2018,16,11,39,31,5,10,28,,5
1720,Saturday 27 January 2018,37,29,8,6,23,26,17,,7
1719,Wednesday 24 January 2018,28,1,24,25,20,16,22,,6
1718,Saturday 20 January 2018,20,17,26,1,39,12,7,,1
1717,Wednesday 17 January 2018,19,3,18,23,22,15,20,,2
1716,Saturday 13 January 2018,37,33,11,39,29,18,2,,10
1715,Wednesday 10 January 2018,8,1,16,2,4,26,39,,10
1714,Saturday 06 January 2018,19,40,13,33,10,15,32,,1
1713,Wednesday 03 January 2018,21,35,20,8,34,38,12,,3
1712,Saturday 30 December 2017,12,32,1,21,3,20,13,,5
1711,Wednesday 27 December 2017,22,28,16,30,15,3,5,,4
1710,Saturday 23 December 2017,17,29,38,25,19,15,7,,4
1709,Wednesday 20 December 2017,17,12,14,3,1,33,40,,2
1708,Saturday 16 December 2017,23,28,30,19,33,11,16,,3
1707,Wednesday 13 December 2017,6,39,37,11,10,34,30,,7
1706,Saturday 09 December 2017,4,8,16,22,15,5,25,,3
1705,Wednesday 06 December 2017,3,7,21,19,40,16,27,,5
1704,Saturday 02 December 2017,23,14,2,21,15,32,18,,4
1703,Wednesday 29 November 2017,5,24,9,17,14,31,8,,2
1702,Saturday 25 November 2017,25,34,37,24,7,22,19,,7
1701,Wednesday 22 November 2017,12,8,5,36,28,18,40,,5
1700,Saturday 18 November 2017,31,28,36,11,20,12,34,,2
1699,Wednesday 15 November 2017,7,32,2,26,16,33,12,,5
1698,Saturday 11 November 2017,18,39,14,3,26,38,40,,9
1697,Wednesday 08 November 2017,27,15,13,25,8,17,38,,5
1696,Saturday 04 November 2017,5,28,12,25,3,40,34,,10
1695,Wednesday 01 November 2017,3,29,39,17,19,23,18,,1
1694,Saturday 28 October 2017,37,10,12,23,1,9,13,,5
1693,Wednesday 25 October 2017,22,19,3,25,1,23,31,,8
1692,Saturday 21 October 2017,13,15,22,5,29,24,38,,8
1691,Wednesday 18 October 2017,11,14,15,22,13,32,3,,7
1690,Saturday 14 October 2017,4,38,7,31,11,3,25,,5
1689,Wednesday 11 October 2017,4,29,33,24,35,15,3,,2
1688,Saturday 07 October 2017,23,35,1,20,25,12,3,,1
1687,Wednesday 04 October 2017,5,33,3,37,21,2,24,,4
1686,Saturday 30 September 2017,32,24,4,34,25,16,14,,2
1685,Wednesday 27 September 2017,27,15,22,34,12,1,13,,5
1684,Saturday 23 September 2017,31,6,7,35,15,19,11,,4
1683,Wednesday 20 September 2017,20,35,10,33,36,16,15,,9
1682,Saturday 16 September 2017,37,3,24,20,9,15,16,,1
1681,Wednesday 13 September 2017,19,35,10,21,18,25,38,,7
1680,Saturday 09 September 2017,23,10,29,13,16,36,30,,9
1679,Wednesday 06 September 2017,3,27,30,25,7,28,40,,9
1678,Saturday 02 September 2017,20,22,10,30,21,37,39,,4
1677,Wednesday 30 August 2017,17,16,14,27,12,9,2,,6
1676,Saturday 26 August 2017,33,29,11,35,6,4,31,,8
1675,Wednesday 23 August 2017,10,26,39,25,4,7,13,,4
1674,Saturday 19 August 2017,17,4,22,32,28,27,18,,8
1673,Wednesday 16 August 2017,10,23,14,18,8,32,22,,10
1672,Saturday 12 August 2017,30,23,21,2,14,31,36,,9
1671,Wednesday 09 August 2017,32,12,4,19,7,37,11,,9
1670,Saturday 05 August 2017,31,16,35,22,29,30,17,,10
1669,Wednesday 02 August 2017,26,6,28,8,2,1,29,,3
1668,Saturday 29 July 2017,40,13,10,33,24,29,4,,9
1667,Wednesday 26 July 2017,4,5,40,12,34,21,17,,9
1666,Saturday 22 July 2017,13,35,36,2,19,25,6,,5
1665,Wednesday 19 July 2017,26,36,35,14,13,34,37,,3
1664,Saturday 15 July 2017,37,17,40,18,21,34,12,,1
1663,Wednesday 12 July 2017,18,26,5,21,30,32,1,,9
1662,Saturday 08 July 2017,10,13,30,23,9,25,34,,9
1661,Wednesday 05 July 2017,19,27,11,9,31,39,20,,6
1660,Saturday 01 July 2017,21,35,12,10,8,4,1,,5
1659,Wednesday 28 June 2017,1,10,18,27,40,26,6,,5
1658,Saturday 24 June 2017,25,11,29,34,39,40,10,,8
1657,Wednesday 21 June 2017,36,29,17,32,3,40,24,,9
1656,Saturday 17 June 2017,37,5,3,7,6,33,20,,9
1655,Wednesday 14 June 2017,3,6,13,40,36,7,35,,6
1654,Saturday 10 June 2017,7,1,31,9,35,37,20,,9
1653,Wednesday 07 June 2017,39,9,7,16,24,26,22,,1
1652,Saturday 03 June 2017,23,13,29,31,14,18,2,,1
1651,Wednesday 31 May 2017,2,36,9,1,5,12,22,,6
1650,Saturday 27 May 2017,9,8,3,36,28,2,18,,10
1649,Wednesday 24 May 2017,20,9,32,19,38,17,7,,4
1648,Saturday 20 May 2017,6,1,31,14,20,16,19,,2
1647,Wednesday 17 May 2017,12,9,28,10,30,11,16,,8
1646,Saturday 13 May 2017,31,7,3,2,37,26,4,,5
1645,Wednesday 10 May 2017,15,4,3,9,33,1,38,,6
1644,Saturday 06 May 2017,26,5,23,34,4,11,32,,2
1643,Wednesday 03 May 2017,36,24,19,10,11,16,18,,3
1642,Saturday 29 April 2017,19,32,30,36,1,25,23,,9
1641,Wednesday 26 April 2017,12,38,17,16,25,39,7,,6
1640,Saturday 22 April 2017,16,33,36,26,1,9,22,,2
1639,Wednesday 19 April 2017,34,28,2,26,11,1,8,,9
1638,Saturday 15 April 2017,15,14,27,29,24,2,39,,8
1637,Wednesday 12 April 2017,13,2,27,23,26,32,22,,3
1636,Saturday 08 April 2017,23,32,20,35,30,39,38,,10
1635,Wednesday 05 April 2017,2,26,36,11,1,9,21,,10
1634,Saturday 01 April 2017,22,25,20,2,19,33,34,,8
1633,Wednesday 29 March 2017,15,35,4,28,9,38,37,,9
1632,Saturday 25 March 2017,37,4,9,24,38,10,36,,8
1631,Wednesday 22 March 2017,11,37,28,2,29,24,27,,4
1630,Saturday 18 March 2017,28,17,33,23,10,27,40,,6
1629,Wednesday 15 March 2017,1,32,5,40,38,23,18,,2
1628,Saturday 11 March 2017,36,12,32,11,9,22,20,,9
1627,Wednesday 08 March 2017,13,3,5,36,2,4,1,,5
1626,Saturday 04 March 2017,14,35,1,25,7,38,27,,9
1625,Wednesday 01 March 2017,1,21,11,18,38,22,27,,10
1624,Saturday 25 February 2017,34,25,39,37,27,33,18,,4
1623,Wednesday 22 February 2017,34,6,30,14,36,19,12,,3
1622,Saturday 18 February 2017,35,14,24,28,10,6,30,,7
1621,Wednesday 15 February 2017,32,3,29,28,5,36,20,,1
1620,Saturday 11 February 2017,11,15,35,23,17,30,29,,10
1619,Wednesday 08 February 2017,40,25,4,39,35,6,23,,5
1618,Saturday 04 February 2017,17,2,16,39,38,3,31,,2
1617,Wednesday 01 February 2017,13,31,25,35,2,18,15,,8
1616,Saturday 28 January 2017,17,6,19,8,9,10,37,,4
1615,Wednesday 25 January 2017,14,34,22,36,1,27,5,,3
1614,Saturday 21 January 2017,13,20,3,34,30,7,19,,3
1613,Wednesday 18 January 2017,14,25,31,8,21,13,6,,4
1612,Saturday 14 January 2017,38,31,32,1,11,2,27,,5
1611,Wednesday 11 January 2017,29,22,13,32,40,9,16,,5
1610,Saturday 07 January 2017,8,30,23,38,16,37,28,,6
1609,Wednesday 04 January 2017,27,26,16,25,4,13,1,,1
1608,Saturday 31 December 2016,6,11,8,34,16,21,12,,9
1607,Wednesday 28 December 2016,36,17,19,35,28,22,11,,6
1606,Saturday 24 December 2016,9,6,25,26,3,28,31,,4
1605,Wednesday 21 December 2016,32,5,1,26,13,30,27,,5
1604,Saturday 17 December 2016,2,26,12,22,31,24,8,,5
1603,Wednesday 14 December 2016,24,12,10,40,29,21,19,,1
1602,Saturday 10 December 2016,19,14,33,24,35,36,27,,9
1601,Wednesday 07 December 2016,10,12,24,26,34,19,16,,10
1600,Saturday 03 December 2016,15,6,37,10,28,5,29,,9
1599,Wednesday 30 November 2016,37,33,26,11,29,32,9,,1
1598,Saturday 26 November 2016,17,29,36,31,23,19,13,,9
1597,Wednesday 23 November 2016,6,2,1,30,40,7,36,,10
1596,Saturday 19 November 2016,28,20,10,23,13,17,9,,7
1595,Wednesday 16 November 2016,32,7,4,11,17,37,13,,3
1594,Saturday 12 November 2016,27,33,38,32,13,4,35,,2
1593,Wednesday 09 November 2016,3,21,22,1,30,29,5,,6
1592,Saturday 05 November 2016,24,16,3,40,11,38,35,,7
1591,Wednesday 02 November 2016,29,25,9,36,2,13,11,,6
1590,Saturday 29 October 2016,22,19,30,23,15,36,31,,9
1589,Wednesday 26 October 2016,29,4,3,11,28,6,32,,7
1588,Saturday 22 October 2016,20,21,35,19,17,26,4,,7
1587,Wednesday 19 October 2016,30,21,28,20,18,9,15,,6
1586,Saturday 15 October 2016,8,15,20,35,29,39,21,,5
1585,Wednesday 12 October 2016,12,14,11,5,1,15,35,,7
1584,Saturday 08 October 2016,19,29,2,23,28,22,17,,10
1583,Wednesday 05 October 2016,24,36,12,37,11,30,6,,7
1582,Saturday 01 October 2016,16,7,11,26,30,23,27,,1
1581,Wednesday 28 September 2016,38,15,3,27,5,37,32,,4
1580,Saturday 24 September 2016,39,14,27,17,32,11,34,,4
1579,Wednesday 21 September 2016,17,11,31,34,10,21,15,,10
1578,Saturday 17 September 2016,40,6,22,25,34,16,37,,4
1577,Wednesday 14 September 2016,3,14,40,18,23,8,13,,2
1576,Saturday 10 September 2016,11,18,5,10,15,38,6,,1
1575,Wednesday 07 September 2016,39,7,32,22,36,29,18,,5
1574,Saturday 03 September 2016,34,25,24,18,32,27,7,,4
1573,Wednesday 31 August 2016,37,21,28,33,31,16,32,,7
1572,Saturday 27 August 2016,15,9,6,25,7,4,34,,9
1571,Wednesday 24 August 2016,17,38,14,15,39,32,40,,3
1570,Saturday 20 August 2016,27,36,19,29,28,11,32,,10
1569,Wednesday 17 August 2016,3,10,6,2,26,14,11,,7
1568,Saturday 13 August 2016,21,23,26,24,40,22,28,,2
1567,Wednesday 10 August 2016,36,11,5,14,31,4,39,,1
1566,Saturday 06 August 2016,34,18,10,8,23,28,37,,5
1565,Wednesday 03 August 2016,35,10,33,15,29,28,21,,2
1564,Saturday 30 July 2016,27,29,4,26,15,8,30,,2
1563,Wednesday 27 July 2016,30,3,7,20,18,22,31,,6
1562,Saturday 23 July 2016,25,21,33,9,6,5,24,,1
1561,Wednesday 20 July 2016,6,38,25,39,15,34,9,,2
1560,Saturday 16 July 2016,24,26,30,8,10,40,23,,8
1559,Wednesday 13 July 2016,22,32,14,4,17,16,18,,2
1558,Saturday 09 July 2016,29,27,37,18,33,3,36,,7
1557,Wednesday 06 July 2016,29,30,1,6,14,12,32,,9
1556,Saturday 02 July 2016,5,28,20,13,6,39,12,,3
1555,Wednesday 29 June 2016,1,32,31,25,6,7,35,,6
1554,Saturday 25 June 2016,19,24,15,25,29,21,5,,4
1553,Wednesday 22 June 2016,37,10,9,13,14,25,22,,6
1552,Saturday 18 June 2016,34,17,33,23,2,36,24,,5
1551,Wednesday 15 June 2016,8,24,28,30,36,32,6,,6
1550,Saturday 11 June 2016,17,2,1,18,16,7,13,,7
1549,Wednesday 08 June 2016,40,16,39,24,32,21,1,,1
1548,Saturday 04 June 2016,33,35,20,7,32,19,8,,4
1547,Wednesday 01 June 2016,12,7,14,32,18,31,15,,9
1546,Saturday 28 May 2016,32,33,6,29,9,40,5,,1
1545,Wednesday 25 May 2016,40,13,19,32,30,29,31,,2
1544,Saturday 21 May 2016,8,37,11,26,27,24,39,,8
1543,Wednesday 18 May 2016,30,14,23,25,38,20,9,,2
1542,Saturday 14 May 2016,18,40,3,13,6,34,15,,1
1541,Wednesday 11 May 2016,27,15,9,40,32,22,33,,2
1540,Saturday 07 May 2016,25,13,19,32,12,38,27,,4
1539,Wednesday 04 May 2016,19,40,13,26,3,39,35,,4
1538,Saturday 30 April 2016,20,11,36,22,31,23,3,,1
1537,Wednesday 27 April 2016,12,32,15,29,20,1,10,,8
1536,Saturday 23 April 2016,21,26,30,37,19,24,2,,7
1535,Wednesday 20 April 2016,3,9,12,21,2,26,17,,8
1534,Saturday 16 April 2016,4,28,35,19,3,20,25,,4
1533,Wednesday 13 April 2016,36,17,29,15,4,14,19,,7
1532,Saturday 09 April 2016,22,5,9,35,30,1,8,,1
1531,Wednesday 06 April 2016,28,7,40,27,22,36,9,,10
1530,Saturday 02 April 2016,28,10,7,13,31,21,30,,3
1529,Wednesday 30 March 2016,27,12,22,13,24,23,1,,10
1528,Saturday 26 March 2016,35,36,12,9,18,14,39,,2
1527,Wednesday 23 March 2016,6,12,31,16,18,37,10,,7
1526,Saturday 19 March 2016,7,1,38,12,24,5,17,,1
1525,Wednesday 16 March 2016,9,39,37,18,8,23,11,,5
1524,Saturday 12 March 2016,15,25,12,9,21,7,8,,2
1523,Wednesday 09 March 2016,16,18,15,17,9,28,21,,4
1522,Saturday 05 March 2016,17,1,8,5,29,35,24,,1
1521,Wednesday 02 March 2016,35,26,5,11,22,21,6,,9
1520,Saturday 27 February 2016,22,33,30,15,18,14,19,,1
1519,Wednesday 24 February 2016,2,17,19,29,5,20,24,,5
1518,Saturday 20 February 2016,31,22,5,33,11,20,24,,6
1517,Wednesday 17 February 2016,3,10,24,33,30,20,25,,9
1516,Saturday 13 February 2016,8,17,7,9,35,3,10,,9
1515,Wednesday 10 February 2016,18,17,13,19,11,12,7,,5
1514,Saturday 06 February 2016,36,37,34,30,8,28,14,,4
1513,Wednesday 03 February 2016,10,15,14,5,18,11,37,,7
1512,Saturday 30 January 2016,10,21,29,28,37,14,30,,5
1511,Wednesday 27 January 2016,11,7,6,32,13,34,30,,1
1510,Saturday 23 January 2016,25,17,7,14,2,16,20,,10
1509,Wednesday 20 January 2016,17,12,34,4,28,24,16,,10
1508,Saturday 16 January 2016,5,34,26,38,40,33,24,,2
1507,Wednesday 13 January 2016,35,28,3,15,39,22,29,,3
1506,Saturday 09 January 2016,3,8,37,31,30,21,24,,8
1505,Wednesday 06 January 2016,28,40,13,29,9,27,1,,4
1504,Saturday 02 January 2016,5,32,24,30,22,1,11,,8
1503,Wednesday 30 December 2015,24,19,40,27,11,36,18,,2
1502,Saturday 26 December 2015,36,4,16,7,27,38,1,,7
1501,Wednesday 23 December 2015,23,28,2,1,7,13,10,,6
1500,Saturday 19 December 2015,31,13,17,14,18,20,16,,1
1499,Wednesday 16 December 2015,19,4,18,14,5,21,26,,4
1498,Saturday 12 December 2015,25,16,27,33,23,1,3,,6
1497,Wednesday 09 December 2015,38,11,13,23,34,30,18,,4
1496,Saturday 05 December 2015,15,12,2,23,25,9,34,,8
1495,Wednesday 02 December 2015,27,18,14,5,15,21,4,,8
1494,Saturday 28 November 2015,17,19,27,13,7,29,4,,4
1493,Wednesday 25 November 2015,24,27,12,36,25,39,2,,7
1492,Saturday 21 November 2015,6,31,19,40,35,15,23,,3
1491,Wednesday 18 November 2015,22,18,19,17,20,40,13,,7
1490,Saturday 14 November 2015,40,5,10,15,9,3,24,,2
1489,Wednesday 11 November 2015,35,23,12,21,8,29,16,,6
1488,Saturday 07 November 2015,13,39,19,21,16,14,24,,4
1487,Wednesday 04 November 2015,14,18,38,37,10,17,11,,2
1486,Saturday 31 October 2015,9,24,37,20,4,26,7,,8
1485,Wednesday 28 October 2015,14,28,23,15,33,24,3,,7
1484,Saturday 24 October 2015,31,34,20,12,39,7,14,,5
1483,Wednesday 21 October 2015,23,12,13,2,16,31,15,,5
1482,Saturday 17 October 2015,24,12,6,34,1,26,33,,3
1481,Wednesday 14 October 2015,26,15,9,30,19,21,11,,5
1480,Saturday 10 October 2015,30,16,28,27,23,12,17,,3
1479,Wednesday 07 October 2015,14,28,23,7,3,31,18,,10
1478,Saturday 03 October 2015,22,38,17,1,26,23,29,,8
1477,Saturday 26 September 2015,26,34,18,23,22,1,13,,5
1476,Saturday 19 September 2015,27,14,15,39,1,33,25,,3
1475,Saturday 12 September 2015,19,16,34,35,17,24,3,,1
1474,Saturday 05 September 2015,35,40,1,11,31,19,2,,6
1473,Saturday 29 August 2015,34,3,31,37,17,39,5,,4
1472,Saturday 22 August 2015,20,38,26,8,3,1,15,,1
1471,Saturday 15 August 2015,12,22,35,40,4,26,8,,2
1470,Saturday 08 August 2015,2,22,13,39,26,18,38,,4
1469,Saturday 01 August 2015,35,19,6,18,20,8,4,,7
1468,Saturday 25 July 2015,36,18,9,22,39,15,34,,5
1467,Saturday 18 July 2015,18,19,37,26,35,12,15,,2
1466,Saturday 11 July 2015,15,36,17,8,31,11,32,,6
1465,Saturday 04 July 2015,38,16,10,7,3,18,5,,3
1464,Saturday 27 June 2015,13,8,33,18,25,9,22,,3
1463,Saturday 20 June 2015,21,18,40,37,15,36,38,,6
1462,Saturday 13 June 2015,9,12,20,35,17,38,34,,6
1461,Saturday 06 June 2015,29,32,37,10,19,1,16,,5
1460,Saturday 30 May 2015,33,14,10,8,17,34,9,,10
1459,Saturday 23 May 2015,37,3,9,1,36,34,40,,2
1458,Saturday 16 May 2015,1,32,5,38,31,3,17,,2
1457,Saturday 09 May 2015,22,32,9,33,25,35,14,,10
1456,Saturday 02 May 2015,36,8,37,27,13,32,24,,7
1455,Saturday 25 April 2015,25,14,15,20,10,37,4,,7
1454,Saturday 18 April 2015,37,21,15,23,6,18,10,,9
1453,Saturday 11 April 2015,19,33,21,3,4,26,20,,4
1452,Saturday 04 April 2015,1,9,7,32,17,2,15,,8
1451,Saturday 28 March 2015,15,14,4,33,27,9,28,,7
1450,Saturday 21 March 2015,14,20,8,33,5,17,18,,4
1449,Saturday 14 March 2015,26,34,18,13,40,12,37,,6
1448,Saturday 07 March 2015,26,1,30,24,2,6,15,,3
1447,Saturday 28 February 2015,40,5,25,30,31,6,17,,1
1446,Saturday 21 February 2015,21,18,26,6,39,31,23,,6
1445,Saturday 14 February 2015,20,5,1,16,30,34,21,,9
1444,Saturday 07 February 2015,39,17,14,13,18,40,37,,6
1443,Saturday 31 January 2015,31,32,16,28,8,15,30,,6
1442,Saturday 24 January 2015,27,8,19,28,24,22,3,,4
1441,Saturday 17 January 2015,40,19,15,32,35,30,18,,6
1440,Saturday 10 January 2015,19,15,39,27,2,37,26,,10
1439,Saturday 03 January 2015,27,6,4,17,31,32,11,,9
1438,Saturday 27 December 2014,24,19,10,15,9,28,37,,8
1437,Saturday 20 December 2014,37,33,22,5,20,29,35,,1
1436,Saturday 13 December 2014,18,38,33,8,21,28,1,,5
1435,Saturday 06 December 2014,14,21,26,19,23,11,34,,8
1434,Saturday 29 November 2014,5,39,1,2,28,23,19,,4
1433,Saturday 22 November 2014,37,17,3,23,34,28,10,,3
1432,Saturday 15 November 2014,28,34,40,16,27,23,2,,4
1431,Saturday 08 November 2014,35,39,24,36,25,9,32,,2
1430,Saturday 01 November 2014,26,12,32,3,37,14,10,,6
1429,Saturday 25 October 2014,9,31,35,19,28,2,7,,4
1428,Saturday 18 October 2014,40,27,15,32,36,2,37,,8
1427,Saturday 11 October 2014,39,4,25,10,24,20,40,,10
1426,Saturday 04 October 2014,11,19,2,17,26,28,34,,10
1425,Saturday 27 September 2014,40,38,20,28,15,19,17,,8
1424,Saturday 20 September 2014,22,26,37,33,30,3,10,,2
1423,Saturday 13 September 2014,5,19,27,14,21,7,23,,1
1422,Saturday 06 September 2014,38,35,14,4,17,3,21,,1
1421,Saturday 30 August 2014,19,39,10,35,15,17,37,,6
1420,Saturday 23 August 2014,25,16,4,37,29,20,27,,10
1419,Saturday 16 August 2014,24,2,26,29,33,10,28,,9
1418,Saturday 09 August 2014,25,18,7,14,30,17,33,,10
1417,Saturday 02 August 2014,20,4,37,34,22,36,33,,2
1416,Saturday 26 July 2014,13,40,14,27,38,31,6,,2
1415,Saturday 19 July 2014,16,33,8,29,6,11,28,,7
1414,Saturday 12 July 2014,14,37,30,36,31,21,40,,4
1413,Saturday 05 July 2014,2,12,23,18,10,9,7,,2
1412,Saturday 28 June 2014,1,14,36,3,38,2,15,,1
1411,Saturday 21 June 2014,35,18,14,17,3,2,7,,7
1410,Saturday 14 June 2014,8,20,11,39,40,4,9,,7
1409,Saturday 07 June 2014,7,32,27,2,33,4,5,,3
1408,Saturday 31 May 2014,7,26,35,27,34,32,19,,7
1407,Saturday 24 May 2014,22,35,10,24,16,14,6,,8
1406,Saturday 17 May 2014,6,40,19,36,23,26,31,,10
1405,Saturday 10 May 2014,35,5,9,24,4,3,13,,10
1404,Saturday 03 May 2014,22,38,36,34,11,20,31,,6
1403,Saturday 26 April 2014,12,29,25,31,18,17,32,,2
1402,Saturday 19 April 2014,26,37,30,19,28,3,10,,8
1401,Saturday 12 April 2014,38,7,29,24,10,22,36,,9
1400,Saturday 05 April 2014,11,16,20,31,33,13,26,,3
1399,Saturday 29 March 2014,4,19,13,10,24,21,31,,6
1398,Saturday 22 March 2014,12,18,34,16,35,39,33,,3
1397,Saturday 15 March 2014,19,2,22,6,36,11,37,,10
1396,Saturday 08 March 2014,28,18,8,6,35,3,23,,10
1395,Saturday 01 March 2014,9,13,33,31,1,20,38,,5
1394,Saturday 22 February 2014,34,27,9,24,40,22,23,,6
1393,Saturday 15 February 2014,24,28,19,8,17,9,10,,3
1392,Saturday 08 February 2014,35,20,37,16,39,17,7,,9
1391,Saturday 01 February 2014,15,38,27,20,30,39,14,,10
1390,Saturday 25 January 2014,37,38,28,26,10,39,13,,1
1389,Saturday 18 January 2014,35,37,29,14,18,23,11,,6
1388,Saturday 11 January 2014,31,10,22,30,39,12,2,,2
1387,Saturday 04 January 2014,24,26,37,14,12,16,6,,5
1386,Saturday 28 December 2013,18,34,15,20,6,16,9,,8
1385,Saturday 21 December 2013,25,12,19,7,4,20,15,,3
1384,Saturday 14 December 2013,5,15,33,32,20,39,17,,10
1383,Saturday 07 December 2013,3,25,21,26,31,11,17,,4
1382,Saturday 30 November 2013,1,37,4,11,17,31,27,,7
1381,Saturday 23 November 2013,37,14,26,30,28,40,23,,1
1380,Saturday 16 November 2013,4,9,25,18,8,28,5,,4
1379,Saturday 09 November 2013,39,30,28,6,9,18,11,,8
1378,Saturday 02 November 2013,1,21,5,15,12,29,4,,5
1377,Saturday 26 October 2013,4,15,33,27,32,19,38,,2
1376,Saturday 19 October 2013,14,40,29,2,27,34,5,,2
1375,Saturday 12 October 2013,37,6,32,30,8,39,16,,2
1374,Saturday 05 October 2013,1,28,20,19,13,37,22,,3
1373,Saturday 28 September 2013,39,21,40,1,29,33,8,,4
1372,Saturday 21 September 2013,21,17,26,18,6,8,10,,5
1371,Saturday 14 September 2013,30,31,2,5,11,19,23,,7
1370,Saturday 07 September 2013,24,4,33,38,2,32,15,,4
1369,Saturday 31 August 2013,28,25,17,12,6,20,10,,2
1368,Saturday 24 August 2013,27,36,7,40,4,19,1,,1
1367,Saturday 17 August 2013,23,34,11,29,16,1,7,,3
1366,Saturday 10 August 2013,27,5,38,21,23,30,36,,2
1365,Saturday 03 August 2013,4,29,23,15,9,6,7,,3
1364,Saturday 27 July 2013,32,1,2,37,36,24,14,,1
1363,Saturday 20 July 2013,20,1,10,36,21,6,32,,3
1362,Saturday 13 July 2013,3,32,5,22,19,13,15,,3
1361,Saturday 06 July 2013,14,25,19,38,34,13,8,,1
1360,Saturday 29 June 2013,20,38,3,17,10,16,32,,8
1359,Saturday 22 June 2013,7,14,30,23,2,33,5,,8
1358,Saturday 15 June 2013,26,33,39,12,31,36,17,,8
1357,Saturday 08 June 2013,7,6,32,37,29,19,27,,8
1356,Saturday 01 June 2013,11,23,22,13,36,8,15,,2
1355,Saturday 25 May 2013,4,2,19,17,27,9,31,,5
1354,Saturday 18 May 2013,3,35,36,33,8,22,37,,5
1353,Saturday 11 May 2013,29,19,12,39,16,18,37,,5
1352,Saturday 04 May 2013,40,24,15,38,26,27,2,,2
1351,Saturday 27 April 2013,18,17,9,35,13,23,39,,2
1350,Saturday 20 April 2013,29,39,15,34,40,31,16,,10
1349,Saturday 13 April 2013,7,37,24,16,6,38,20,,8
1348,Saturday 06 April 2013,13,29,16,33,25,38,18,,8
1347,Saturday 30 March 2013,36,11,38,26,10,6,33,,3
1346,Saturday 23 March 2013,18,16,29,30,32,1,25,,5
1345,Saturday 16 March 2013,16,11,26,3,13,15,5,,8
1344,Saturday 09 March 2013,40,39,11,37,7,10,24,,8
1343,Saturday 02 March 2013,11,12,33,8,37,18,13,,4
1342,Saturday 23 February 2013,21,13,38,29,40,28,30,,1
1341,Saturday 16 February 2013,2,32,6,25,36,35,15,,2
1340,Saturday 09 February 2013,20,17,28,4,19,9,21,,7
1339,Saturday 02 February 2013,13,24,5,39,6,19,26,,5
1338,Saturday 26 January 2013,31,29,1,27,2,12,16,,2
1337,Saturday 19 January 2013,19,5,39,21,36,32,9,,8
1336,Saturday 12 January 2013,3,7,2,1,30,8,14,,5
1335,Saturday 05 January 2013,26,1,8,30,14,3,34,,10
1334,Saturday 29 December 2012,6,26,3,25,7,29,8,,4
1333,Saturday 22 December 2012,14,6,19,13,8,31,2,,2
1332,Saturday 15 December 2012,36,25,12,24,6,23,33,,7
1331,Saturday 08 December 2012,18,27,13,21,9,24,26,,8
1330,Saturday 01 December 2012,8,14,10,21,39,15,20,,4
1329,Saturday 24 November 2012,4,34,35,18,3,19,21,,9
1328,Saturday 17 November 2012,17,22,1,32,28,18,38,,10
1327,Saturday 10 November 2012,22,36,18,31,33,32,26,,10
1326,Saturday 03 November 2012,36,21,35,2,1,15,20,,8
1325,Saturday 27 October 2012,33,14,15,39,36,29,38,,8
1324,Saturday 20 October 2012,12,31,27,11,14,2,13,,10
1323,Saturday 13 October 2012,31,40,1,30,29,7,20,,2
1322,Saturday 06 October 2012,30,15,19,23,22,9,8,,5
1321,Saturday 29 September 2012,9,13,30,34,35,6,17,,6
1320,Saturday 22 September 2012,9,17,35,21,19,12,1,,8
1319,Saturday 15 September 2012,14,3,16,36,1,38,8,,7
1318,Saturday 08 September 2012,31,40,38,16,39,7,28,,2
1317,Saturday 01 September 2012,26,35,33,1,15,5,24,,2
1316,Saturday 25 August 2012,8,39,27,18,17,13,20,,7
1315,Saturday 18 August 2012,13,35,23,10,21,27,5,,2
1314,Saturday 11 August 2012,26,4,20,15,2,31,22,,3
1313,Saturday 04 August 2012,10,24,29,12,13,38,26,,9
1312,Saturday 28 July 2012,8,7,9,25,2,18,36,,1
1311,Saturday 21 July 2012,31,15,17,1,13,26,40,,8
1310,Saturday 14 July 2012,12,11,7,4,34,15,2,,2
1309,Saturday 07 July 2012,27,40,39,21,11,8,20,,7
1308,Saturday 30 June 2012,2,14,24,9,10,22,40,,9
1307,Saturday 23 June 2012,30,32,29,26,28,25,5,,4
1306,Saturday 16 June 2012,39,9,20,27,18,33,6,,2
1305,Saturday 09 June 2012,7,10,17,6,5,24,40,,2
1304,Saturday 02 June 2012,10,21,11,24,33,15,30,,6
1303,Saturday 26 May 2012,8,21,39,10,20,12,26,,1
1302,Saturday 19 May 2012,37,13,36,16,32,18,17,,4
1301,Saturday 12 May 2012,2,24,36,35,13,16,19,,8
1300,Saturday 05 May 2012,35,31,28,38,34,7,33,,9
1299,Saturday 28 April 2012,24,20,4,13,1,12,22,,9
1298,Saturday 21 April 2012,11,16,13,7,15,12,30,,3
1297,Saturday 14 April 2012,13,27,23,17,33,31,25,,8
1296,Saturday 07 April 2012,21,24,30,27,35,5,14,,1
1295,Saturday 31 March 2012,40,21,5,35,24,4,37,,7
1294,Saturday 24 March 2012,33,2,19,22,14,9,10,,2
1293,Saturday 17 March 2012,33,5,4,40,18,11,23,,2
1292,Saturday 10 March 2012,24,11,39,15,8,35,38,,4
1291,Saturday 03 March 2012,31,23,39,3,40,8,22,,7
1290,Saturday 25 February 2012,20,7,3,40,9,27,37,,1
1289,Saturday 18 February 2012,7,13,34,27,36,22,30,,7
1288,Saturday 11 February 2012,9,33,2,17,21,7,29,,3
1287,Saturday 04 February 2012,38,21,26,34,33,23,35,,1
1286,Saturday 28 January 2012,35,33,8,16,40,6,26,,5
1285,Saturday 21 January 2012,13,38,7,20,1,4,39,,7
1284,Saturday 14 January 2012,3,5,34,19,1,16,9,,9
1283,Saturday 07 January 2012,8,12,35,36,40,10,14,,10
1282,Saturday 31 December 2011,4,36,27,13,10,39,26,,9
1281,Saturday 24 December 2011,34,15,26,7,18,32,12,,3
1280,Saturday 17 December 2011,23,31,19,40,13,9,24,,3
1279,Saturday 10 December 2011,27,13,30,36,14,37,28,,3
1278,Saturday 03 December 2011,18,21,15,4,32,33,26,,5
1277,Saturday 26 November 2011,17,33,3,23,38,8,40,,8
1276,Saturday 19 November 2011,15,30,25,31,26,13,6,,9
1275,Saturday 12 November 2011,1,2,18,8,6,5,31,,6
1274,Saturday 05 November 2011,2,35,38,31,21,5,29,,6
1273,Saturday 29 October 2011,21,26,15,16,1,34,2,,9
1272,Saturday 22 October 2011,12,40,6,35,10,24,9,,7
1271,Saturday 15 October 2011,13,32,34,12,31,26,7,,2
1270,Saturday 08 October 2011,28,40,25,17,39,23,15,,10
1269,Saturday 01 October 2011,4,6,21,40,7,33,5,,9
1268,Saturday 24 September 2011,13,14,3,21,11,36,1,,9
1267,Saturday 17 September 2011,34,15,27,26,12,6,3,,2
1266,Saturday 10 September 2011,12,5,39,22,27,8,32,,4
1265,Saturday 03 September 2011,16,37,19,26,1,7,28,,5
1264,Saturday 27 August 2011,32,38,23,37,25,31,13,,3
1263,Saturday 20 August 2011,4,2,29,15,28,30,19,,3
1262,Saturday 13 August 2011,39,40,9,24,35,19,12,,6
1261,Saturday 06 August 2011,14,36,26,13,1,22,7,,5
1260,Saturday 30 July 2011,27,26,39,25,5,16,17,,10
1259,Saturday 23 July 2011,8,10,39,6,33,23,2,,1
1258,Saturday 16 July 2011,35,23,17,25,6,22,7,,3
1257,Saturday 09 July 2011,39,20,37,32,15,18,31,,9
1256,Saturday 02 July 2011,36,19,28,1,30,2,27,,10
1255,Saturday 25 June 2011,18,39,34,3,26,17,25,,2
1254,Saturday 18 June 2011,32,15,25,21,16,30,13,,5
1253,Saturday 11 June 2011,1,28,2,40,27,7,31,,1
1252,Saturday 04 June 2011,2,26,20,25,22,38,12,,3
1251,Saturday 28 May 2011,33,27,21,26,7,9,4,,3
1250,Saturday 21 May 2011,31,22,15,7,27,12,11,,8
1249,Saturday 14 May 2011,28,30,20,34,12,6,33,,2
1248,Saturday 07 May 2011,37,28,27,24,36,30,20,,2
1247,Saturday 30 April 2011,8,28,37,4,5,20,36,,1
1246,Saturday 23 April 2011,16,31,27,13,23,18,6,,10
1245,Saturday 16 April 2011,17,39,38,24,8,4,15,,10
1244,Saturday 09 April 2011,8,20,35,18,5,3,10,,3
1243,Saturday 02 April 2011,25,31,13,28,34,8,21,,8
1242,Saturday 26 March 2011,19,22,13,10,3,33,38,,5
1241,Saturday 19 March 2011,1,40,18,29,24,21,35,,6
1240,Saturday 12 March 2011,33,1,38,10,19,9,23,,2
1239,Saturday 05 March 2011,25,8,23,40,1,31,28,,10
1238,Saturday 26 February 2011,4,27,6,17,12,32,25,,9
1237,Saturday 19 February 2011,2,15,27,37,17,32,13,,6
1236,Saturday 12 February 2011,27,37,38,29,36,7,19,,4
1235,Saturday 05 February 2011,13,33,6,36,5,31,40,,2
1234,Saturday 29 January 2011,22,5,2,29,1,12,9,,1
1233,Saturday 22 January 2011,30,33,19,13,34,18,40,,4
1232,Saturday 15 January 2011,2,15,1,32,36,10,35,,10
1231,Saturday 08 January 2011,5,16,10,36,20,37,30,,10
1230,Saturday 01 January 2011,34,29,5,37,10,13,7,,8
,,,,,,,,,,
,,,,,,,,,,
,,,,,,,,,,
,,,,,,,,,,
,,,,,,,,,,
,,,,,,,,,,
,,,,,,,,,,
,,,,,,,,,,
,,,,,,,,,,
,,,,,,,,,,
,,,,,,,,,,
,,,,,,,,,,
,,,,,,,,,,
,,,,,,,,,,
,,,,,,,,,,
,,,,,,,,,,
,,,,,,,,,,
,,,,,,,,,,
,,,,,,,,,,
,,,,,,,,,,
,,,,,,,,,,
,,,,,,,,,,
,,,,,,,,,,
,,,,,,,,,,
,,,,,,,,,,
,,,,,,,,,,
,,,,,,,,,,
,,,,,,,,,,
,,,,,,,,,,
,,,,,,,,,,
,,,,,,,,,,
,,,,,,,,,,
,,,,,,,,,,
,,,,,,,,,,
,,,,,,,,,,
,,,,,,,,,,
,,,,,,,,,,
,,,,,,,,,,
,,,,,,,,,,
,,,,,,,,,,
,,,,,,,,,,
,,,,,,,,,,
,,,,,,,,,,
,,,,,,,,,,
,,,,,,,,,,
,,,,,,,,,,
,,,,,,,,,,
,,,,,,,,,,
,,,,,,,,,,
,,,,,,,,,,
,,,,,,,,,,
,,,,,,,,,,
,,,,,,,,,,
,,,,,,,,,,
,,,,,,,,,,
,,,,,,,,,,
,,,,,,,,,,
,,,,,,,,,,
,,,,,,,,,,
,,,,,,,,,,
,,,,,,,,,,
,,,,,,,,,,
,,,,,,,,,,
,,,,,,,,,,
,,,,,,,,,,
,,,,,,,,,,
,,,,,,,,,,
,,,,,,,,,,
,,,,,,,,,,
,,,,,,,,,,
,,,,,,,,,,
,,,,,,,,,,
,,,,,,,,,,
,,,,,,,,,,
,,,,,,,,,,
,,,,,,,,,,
,,,,,,,,,,
,,,,,,,,,,
,,,,,,,,,,
,,,,,,,,,,
,,,,,,,,,,
,,,,,,,,,,
,,,,,,,,,,
,,,,,,,,,,
,,,,,,,,,,
,,,,,,,,,,
,,,,,,,,,,
,,,,,,,,,,
,,,,,,,,,,
,,,,,,,,,,
,,,,,,,,,,
,,,,,,,,,,
,,,,,,,,,,
,,,,,,,,,,
,,,,,,,,,,
,,,,,,,,,,
,,,,,,,,,,
,,,,,,,,,,
,,,,,,,,,,
,,,,,,,,,,
,,,,,,,,,,
,,,,,,,,,,
,,,,,,,,,,
,,,,,,,,,,
,,,,,,,,,,
,,,,,,,,,,
,,,,,,,,,,
,,,,,,,,,,
,,,,,,,,,,
,,,,,,,,,,
,,,,,,,,,,
,,,,,,,,,,
,,,,,,,,,,
,,,,,,,,,,
,,,,,,,,,,
,,,,,,,,,,
,,,,,,,,,,
,,,,,,,,,,
,,,,,,,,,,
,,,,,,,,,,
,,,,,,,,,,
,,,,,,,,,,
,,,,,,,,,,
,,,,,,,,,,
,,,,,,,,,,
,,,,,,,,,,
,,,,,,,,,,
,,,,,,,,,,
,,,,,,,,,,
,,,,,,,,,,
,,,,,,,,,,
,,,,,,,,,,
,,,,,,,,,,
,,,,,,,,,,
,,,,,,,,,,
,,,,,,,,,,
,,,,,,,,,,
,,,,,,,,,,
,,,,,,,,,,
,,,,,,,,,,
,,,,,,,,,,
,,,,,,,,,,
,,,,,,,,,,
,,,,,,,,,,
,,,,,,,,,,
,,,,,,,,,,
,,,,,,,,,,
,,,,,,,,,,
,,,,,,,,,,
,,,,,,,,,,
,,,,,,,,,,
,,,,,,,,,,
,,,,,,,,,,
,,,,,,,,,,
,,,,,,,,,,
,,,,,,,,,,
,,,,,,,,,,
,,,,,,,,,,
,,,,,,,,,,
,,,,,,,,,,
,,,,,,,,,,
,,,,,,,,,,
,,,,,,,,,,
,,,,,,,,,,
,,,,,,,,,,
,,,,,,,,,,
,,,,,,,,,,
,,,,,,,,,,
,,,,,,,,,,
,,,,,,,,,,
,,,,,,,,,,
,,,,,,,,,,
,,,,,,,,,,
,,,,,,,,,,
,,,,,,,,,,
,,,,,,,,,,
,,,,,,,,,,
,,,,,,,,,,
,,,,,,,,,,
,,,,,,,,,,
,,,,,,,,,,
,,,,,,,,,,
,,,,,,,,,,
,,,,,,,,,,
,,,,,,,,,,
,,,,,,,,,,
,,,,,,,,,,
,,,,,,,,,,
,,,,,,,,,,
,,,,,,,,,,
,,,,,,,,,,
,,,,,,,,,,
,,,,,,,,,,
,,,,,,,,,,
,,,,,,,,,,
,,,,,,,,,,
,,,,,,,,,,
,,,,,,,,,,
,,,,,,,,,,
,,,,,,,,,,
,,,,,,,,,,
,,,,,,,,,,
,,,,,,,,,,
,,,,,,,,,,
,,,,,,,,,,
,,,,,,,,,,
,,,,,,,,,,
,,,,,,,,,,
,,,,,,,,,,
,,,,,,,,,,
,,,,,,,,,,
,,,,,,,,,,
,,,,,,,,,,
,,,,,,,,,,
,,,,,,,,,,
,,,,,,,,,,
,,,,,,,,,,
,,,,,,,,,,
,,,,,,,,,,
,,,,,,,,,,
,,,,,,,,,,
,,,,,,,,,,
,,,,,,,,,,
,,,,,,,,,,
,,,,,,,,,,
,,,,,,,,,,
,,,,,,,,,,
,,,,,,,,,,
,,,,,,,,,,
,,,,,,,,,,
,,,,,,,,,,
,,,,,,,,,,
,,,,,,,,,,
,,,,,,,,,,
,,,,,,,,,,
,,,,,,,,,,
,,,,,,,,,,
,,,,,,,,,,
,,,,,,,,,,
,,,,,,,,,,
,,,,,,,,,,
,,,,,,,,,,
,,,,,,,,,,
,,,,,,,,,,
,,,,,,,,,,
,,,,,,,,,,
,,,,,,,,,,
,,,,,,,,,,
,,,,,,,,,,
,,,,,,,,,,
,,,,,,,,,,
,,,,,,,,,,
,,,,,,,,,,
,,,,,,,,,,
,,,,,,,,,,
,,,,,,,,,,
,,,,,,,,,,
,,,,,,,,,,
,,,,,,,,,,
,,,,,,,,,,
,,,,,,,,,,
,,,,,,,,,,
,,,,,,,,,,
,,,,,,,,,,
,,,,,,,,,,
,,,,,,,,,,
,,,,,,,,,,
,,,,,,,,,,
,,,,,,,,,,
,,,,,,,,,,
,,,,,,,,,,
,,,,,,,,,,
,,,,,,,,,,
,,,,,,,,,,
,,,,,,,,,,
,,,,,,,,,,
,,,,,,,,,,
,,,,,,,,,,
,,,,,,,,,,
,,,,,,,,,,
,,,,,,,,,,
,,,,,,,,,,
,,,,,,,,,,
,,,,,,,,,,
,,,,,,,,,,
,,,,,,,,,,
,,,,,,,,,,
,,,,,,,,,,
,,,,,,,,,,
,,,,,,,,,,
,,,,,,,,,,
,,,,,,,,,,
,,,,,,,,,,
,,,,,,,,,,
,,,,,,,,,,
,,,,,,,,,,
,,,,,,,,,,
,,,,,,,,,,
,,,,,,,,,,
,,,,,,,,,,
,,,,,,,,,,
,,,,,,,,,,
,,,,,,,,,,
,,,,,,,,,,
,,,,,,,,,,
,,,,,,,,,,
,,,,,,,,,,
,,,,,,,,,,
,,,,,,,,,,
,,,,,,,,,,
,,,,,,,,,,
,,,,,,,,,,
,,,,,,,,,,
,,,,,,,,,,
,,,,,,,,,,
,,,,,,,,,,
,,,,,,,,,,
,,,,,,,,,,
,,,,,,,,,,
,,,,,,,,,,
,,,,,,,,,,
,,,,,,,,,,
,,,,,,,,,,
,,,,,,,,,,
,,,,,,,,,,
,,,,,,,,,,
,,,,,,,,,,
,,,,,,,,,,
,,,,,,,,,,
,,,,,,,,,,
,,,,,,,,,,
,,,,,,,,,,
,,,,,,,,,,
,,,,,,,,,,
,,,,,,,,,,
,,,,,,,,,,
,,,,,,,,,,
,,,,,,,,,,
,,,,,,,,,,
,,,,,,,,,,
,,,,,,,,,,
,,,,,,,,,,
,,,,,,,,,,
,,,,,,,,,,
,,,,,,,,,,
,,,,,,,,,,
,,,,,,,,,,
,,,,,,,,,,
,,,,,,,,,,
,,,,,,,,,,
,,,,,,,,,,
,,,,,,,,,,
,,,,,,,,,,
,,,,,,,,,,
,,,,,,,,,,
,,,,,,,,,,
,,,,,,,,,,
,,,,,,,,,,
,,,,,,,,,,
,,,,,,,,,,
,,,,,,,,,,
,,,,,,,,,,
,,,,,,,,,,
,,,,,,,,,,
,,,,,,,,,,
,,,,,,,,,,
,,,,,,,,,,
,,,,,,,,,,
,,,,,,,,,,
,,,,,,,,,,
,,,,,,,,,,
,,,,,,,,,,
,,,,,,,,,,
,,,,,,,,,,
,,,,,,,,,,
,,,,,,,,,,
,,,,,,,,,,
,,,,,,,,,,
,,,,,,,,,,
,,,,,,,,,,
,,,,,,,,,,
,,,,,,,,,,
,,,,,,,,,,
,,,,,,,,,,
,,,,,,,,,,
,,,,,,,,,,
,,,,,,,,,,
,,,,,,,,,,
,,,,,,,,,,
,,,,,,,,,,
,,,,,,,,,,
,,,,,,,,,,
,,,,,,,,,,
,,,,,,,,,,
,,,,,,,,,,
,,,,,,,,,,
,,,,,,,,,,
,,,,,,,,,,
,,,,,,,,,,
,,,,,,,,,,
,,,,,,,,,,
,,,,,,,,,,
,,,,,,,,,,
,,,,,,,,,,
,,,,,,,,,,
,,,,,,,,,,
,,,,,,,,,,
,,,,,,,,,,
,,,,,,,,,,
,,,,,,,,,,
,,,,,,,,,,
,,,,,,,,,,
,,,,,,,,,,
,,,,,,,,,,
,,,,,,,,,,
,,,,,,,,,,
,,,,,,,,,,
,,,,,,,,,,
,,,,,,,,,,
,,,,,,,,,,
,,,,,,,,,,
,,,,,,,,,,
,,,,,,,,,,
,,,,,,,,,,
,,,,,,,,,,
,,,,,,,,,,
,,,,,,,,,,
,,,,,,,,,,
,,,,,,,,,,
,,,,,,,,,,
,,,,,,,,,,
,,,,,,,,,,
,,,,,,,,,,
,,,,,,,,,,
,,,,,,,,,,
,,,,,,,,,,
,,,,,,,,,,
,,,,,,,,,,
,,,,,,,,,,
,,,,,,,,,,
,,,,,,,,,,
,,,,,,,,,,
,,,,,,,,,,
,,,,,,,,,,
,,,,,,,,,,
,,,,,,,,,,
,,,,,,,,,,
,,,,,,,,,,
,,,,,,,,,,
,,,,,,,,,,
,,,,,,,,,,
,,,,,,,,,,
,,,,,,,,,,
,,,,,,,,,,
,,,,,,,,,,
,,,,,,,,,,
,,,,,,,,,,
,,,,,,,,,,
,,,,,,,,,,
,,,,,,,,,,
,,,,,,,,,,
,,,,,,,,,,
,,,,,,,,,,
,,,,,,,,,,
,,,,,,,,,,
,,,,,,,,,,
,,,,,,,,,,
,,,,,,,,,,
,,,,,,,,,,
,,,,,,,,,,
,,,,,,,,,,
,,,,,,,,,,
,,,,,,,,,,
,,,,,,,,,,
,,,,,,,,,,
,,,,,,,,,,
,,,,,,,,,,
,,,,,,,,,,
,,,,,,,,,,
,,,,,,,,,,
,,,,,,,,,,
,,,,,,,,,,
,,,,,,,,,,
,,,,,,,,,,
,,,,,,,,,,
,,,,,,,,,,
,,,,,,,,,,
,,,,,,,,,,
,,,,,,,,,,
,,,,,,,,,,
,,,,,,,,,,
,,,,,,,,,,
,,,,,,,,,,
,,,,,,,,,,
,,,,,,,,,,
,,,,,,,,,,
,,,,,,,,,,
,,,,,,,,,,
,,,,,,,,,,
,,,,,,,,,,
,,,,,,,,,,
,,,,,,,,,,
,,,,,,,,,,
,,,,,,,,,,
,,,,,,,,,,
,,,,,,,,,,
,,,,,,,,,,
,,,,,,,,,,
,,,,,,,,,,
,,,,,,,,,,
,,,,,,,,,,
,,,,,,,,,,
,,,,,,,,,,
,,,,,,,,,,
,,,,,,,,,,
,,,,,,,,,,
,,,,,,,,,,
,,,,,,,,,,
,,,,,,,,,,
,,,,,,,,,,
,,,,,,,,,,
,,,,,,,,,,
,,,,,,,,,,
,,,,,,,,,,
,,,,,,,,,,
,,,,,,,,,,
,,,,,,,,,,
,,,,,,,,,,
,,,,,,,,,,
,,,,,,,,,,
,,,,,,,,,,
,,,,,,,,,,
,,,,,,,,,,
,,,,,,,,,,
,,,,,,,,,,
,,,,,,,,,,
,,,,,,,,,,
,,,,,,,,,,
,,,,,,,,,,
,,,,,,,,,,
,,,,,,,,,,
,,,,,,,,,,
,,,,,,,,,,
,,,,,,,,,,
,,,,,,,,,,
,,,,,,,,,,
,,,,,,,,,,
,,,,,,,,,,
,,,,,,,,,,
,,,,,,,,,,
,,,,,,,,,,
,,,,,,,,,,
,,,,,,,,,,
,,,,,,,,,,
,,,,,,,,,,
,,,,,,,,,,
,,,,,,,,,,
,,,,,,,,,,
,,,,,,,,,,
,,,,,,,,,,
,,,,,,,,,,
,,,,,,,,,,
,,,,,,,,,,
,,,,,,,,,,
,,,,,,,,,,
,,,,,,,,,,
,,,,,,,,,,
,,,,,,,,,,
,,,,,,,,,,
,,,,,,,,,,
,,,,,,,,,,
,,,,,,,,,,
,,,,,,,,,,
,,,,,,,,,,
,,,,,,,,,,
,,,,,,,,,,
,,,,,,,,,,
,,,,,,,,,,
,,,,,,,,,,
,,,,,,,,,,
,,,,,,,,,,
,,,,,,,,,,
,,,,,,,,,,
,,,,,,,,,,
,,,,,,,,,,
,,,,,,,,,,
,,,,,,,,,,
,,,,,,,,,,
,,,,,,,,,,
,,,,,,,,,,
,,,,,,,,,,
,,,,,,,,,,
,,,,,,,,,,
,,,,,,,,,,
,,,,,,,,,,
,,,,,,,,,,
,,,,,,,,,,
,,,,,,,,,,
,,,,,,,,,,
,,,,,,,,,,
,,,,,,,,,,
,,,,,,,,,,
,,,,,,,,,,
,,,,,,,,,,
,,,,,,,,,,
,,,,,,,,,,
,,,,,,,,,,
,,,,,,,,,,
,,,,,,,,,,
,,,,,,,,,,
,,,,,,,,,,
,,,,,,,,,,
,,,,,,,,,,
,,,,,,,,,,
,,,,,,,,,,
,,,,,,,,,,
,,,,,,,,,,
,,,,,,,,,,
,,,,,,,,,,
,,,,,,,,,,
,,,,,,,,,,
,,,,,,,,,,
,,,,,,,,,,
,,,,,,,,,,
,,,,,,,,,,
,,,,,,,,,,
,,,,,,,,,,
,,,,,,,,,,
,,,,,,,,,,
,,,,,,,,,,
,,,,,,,,,,
,,,,,,,,,,
,,,,,,,,,,
,,,,,,,,,,
,,,,,,,,,,
,,,,,,,,,,
,,,,,,,,,,
,,,,,,,,,,
,,,,,,,,,,
,,,,,,,,,,
,,,,,,,,,,
,,,,,,,,,,
,,,,,,,,,,
,,,,,,,,,,
,,,,,,,,,,
,,,,,,,,,,
,,,,,,,,,,
,,,,,,,,,,
,,,,,,,,,,
,,,,,,,,,,
,,,,,,,,,,
,,,,,,,,,,
,,,,,,,,,,
,,,,,,,,,,
,,,,,,,,,,
,,,,,,,,,,
,,,,,,,,,,
,,,,,,,,,,
,,,,,,,,,,
,,,,,,,,,,
,,,,,,,,,,
,,,,,,,,,,
,,,,,,,,,,
,,,,,,,,,,
,,,,,,,,,,
,,,,,,,,,,
,,,,,,,,,,
,,,,,,,,,,
,,,,,,,,,,
,,,,,,,,,,
,,,,,,,,,,
,,,,,,,,,,
,,,,,,,,,,
,,,,,,,,,,
,,,,,,,,,,
,,,,,,,,,,
,,,,,,,,,,
,,,,,,,,,,
,,,,,,,,,,
,,,,,,,,,,
,,,,,,,,,,
,,,,,,,,,,
,,,,,,,,,,
,,,,,,,,,,
,,,,,,,,,,
,,,,,,,,,,
,,,,,,,,,,
,,,,,,,,,,
,,,,,,,,,,
,,,,,,,,,,
,,,,,,,,,,
,,,,,,,,,,
,,,,,,,,,,
,,,,,,,,,,
,,,,,,,,,,
,,,,,,,,,,
,,,,,,,,,,
,,,,,,,,,,
,,,,,,,,,,
,,,,,,,,,,
,,,,,,,,,,
,,,,,,,,,,
,,,,,,,,,,
,,,,,,,,,,
,,,,,,,,,,
,,,,,,,,,,
,,,,,,,,,,
,,,,,,,,,,
,,,,,,,,,,
,,,,,,,,,,
,,,,,,,,,,
,,,,,,,,,,
,,,,,,,,,,
,,,,,,,,,,
,,,,,,,,,,
,,,,,,,,,,
,,,,,,,,,,
,,,,,,,,,,
,,,,,,,,,,
,,,,,,,,,,
,,,,,,,,,,
,,,,,,,,,,
,,,,,,,,,,
,,,,,,,,,,
,,,,,,,,,,
,,,,,,,,,,
,,,,,,,,,,
,,,,,,,,,,
,,,,,,,,,,
,,,,,,,,,,
,,,,,,,,,,
,,,,,,,,,,
,,,,,,,,,,
,,,,,,,,,,
,,,,,,,,,,
,,,,,,,,,,
,,,,,,,,,,
,,,,,,,,,,
,,,,,,,,,,
,,,,,,,,,,
,,,,,,,,,,
,,,,,,,,,,
,,,,,,,,,,
,,,,,,,,,,
,,,,,,,,,,
,,,,,,,,,,
,,,,,,,,,,
,,,,,,,,,,
,,,,,,,,,,
,,,,,,,,,,
,,,,,,,,,,
,,,,,,,,,,
,,,,,,,,,,
,,,,,,,,,,
,,,,,,,,,,
,,,,,,,,,,
,,,,,,,,,,
,,,,,,,,,,
,,,,,,,,,,
,,,,,,,,,,
,,,,,,,,,,
,,,,,,,,,,
,,,,,,,,,,
,,,,,,,,,,
,,,,,,,,,,
,,,,,,,,,,
,,,,,,,,,,
,,,,,,,,,,
,,,,,,,,,,
,,,,,,,,,,
,,,,,,,,,,
,,,,,,,,,,
,,,,,,,,,,
,,,,,,,,,,
,,,,,,,,,,
,,,,,,,,,,
,,,,,,,,,,
,,,,,,,,,,
,,,,,,,,,,
,,,,,,,,,,
,,,,,,,,,,
,,,,,,,,,,
,,,,,,,,,,
,,,,,,,,,,
,,,,,,,,,,
,,,,,,,,,,
,,,,,,,,,,
,,,,,,,,,,
,,,,,,,,,,
,,,,,,,,,,
,,,,,,,,,,
,,,,,,,,,,
,,,,,,,,,,
,,,,,,,,,,
,,,,,,,,,,
,,,,,,,,,,
,,,,,,,,,,
,,,,,,,,,,
,,,,,,,,,,
,,,,,,,,,,
,,,,,,,,,,
,,,,,,,,,,
,,,,,,,,,,
,,,,,,,,,,
,,,,,,,,,,
,,,,,,,,,,
,,,,,,,,,,
,,,,,,,,,,
,,,,,,,,,,
,,,,,,,,,,
,,,,,,,,,,
,,,,,,,,,,
,,,,,,,,,,
,,,,,,,,,,
,,,,,,,,,,
,,,,,,,,,,
,,,,,,,,,,
,,,,,,,,,,
,,,,,,,,,,
,,,,,,,,,,
,,,,,,,,,,
,,,,,,,,,,
,,,,,,,,,,
,,,,,,,,,,
,,,,,,,,,,
,,,,,,,,,,
,,,,,,,,,,
,,,,,,,,,,
,,,,,,,,,,
,,,,,,,,,,
,,,,,,,,,,
,,,,,,,,,,
,,,,,,,,,,
,,,,,,,,,,
,,,,,,,,,,
,,,,,,,,,,
,,,,,,,,,,
,,,,,,,,,,
,,,,,,,,,,
,,,,,,,,,,
,,,,,,,,,,
,,,,,,,,,,
,,,,,,,,,,
,,,,,,,,,,
,,,,,,,,,,
,,,,,,,,,,
,,,,,,,,,,
,,,,,,,,,,
,,,,,,,,,,
,,,,,,,,,,
,,,,,,,,,,
,,,,,,,,,,
,,,,,,,,,,
,,,,,,,,,,
,,,,,,,,,,
,,,,,,,,,,
,,,,,,,,,,
,,,,,,,,,,
,,,,,,,,,,
,,,,,,,,,,
,,,,,,,,,,
,,,,,,,,,,
,,,,,,,,,,
,,,,,,,,,,
,,,,,,,,,,
,,,,,,,,,,
,,,,,,,,,,
,,,,,,,,,,
,,,,,,,,,,
,,,,,,,,,,
,,,,,,,,,,
,,,,,,,,,,
,,,,,,,,,,
,,,,,,,,,,
,,,,,,,,,,
,,,,,,,,,,
,,,,,,,,,,
,,,,,,,,,,
,,,,,,,,,,
,,,,,,,,,,
,,,,,,,,,,
,,,,,,,,,,
,,,,,,,,,,
,,,,,,,,,,
,,,,,,,,,,
,,,,,,,,,,
,,,,,,,,,,
,,,,,,,,,,
,,,,,,,,,,
,,,,,,,,,,
,,,,,,,,,,
,,,,,,,,,,
,,,,,,,,,,
,,,,,,,,,,
,,,,,,,,,,
,,,,,,,,,,
,,,,,,,,,,
,,,,,,,,,,
,,,,,,,,,,
,,,,,,,,,,
,,,,,,,,,,
,,,,,,,,,,
,,,,,,,,,,
,,,,,,,,,,
,,,,,,,,,,
,,,,,,,,,,
,,,,,,,,,,
,,,,,,,,,,
,,,,,,,,,,
,,,,,,,,,,
,,,,,,,,,,
,,,,,,,,,,
,,,,,,,,,,
,,,,,,,,,,
,,,,,,,,,,
,,,,,,,,,,
,,,,,,,,,,
,,,,,,,,,,
,,,,,,,,,,
,,,,,,,,,,
,,,,,,,,,,
,,,,,,,,,,
,,,,,,,,,,
,,,,,,,,,,
,,,,,,,,,,
,,,,,,,,,,
,,,,,,,,,,
,,,,,,,,,,
,,,,,,,,,,
,,,,,,,,,,
,,,,,,,,,,
,,,,,,,,,,
,,,,,,,,,,
,,,,,,,,,,
,,,,,,,,,,
,,,,,,,,,,
,,,,,,,,,,
,,,,,,,,,,
,,,,,,,,,,
,,,,,,,,,,
,,,,,,,,,,
,,,,,,,,,,
,,,,,,,,,,
,,,,,,,,,,
,,,,,,,,,,
,,,,,,,,,,
,,,,,,,,,,
,,,,,,,,,,
,,,,,,,,,,
,,,,,,,,,,
,,,,,,,,,,
,,,,,,,,,,
,,,,,,,,,,
,,,,,,,,,,
,,,,,,,,,,
,,,,,,,,,,
,,,,,,,,,,
,,,,,,,,,,
,,,,,,,,,,
,,,,,,,,,,
,,,,,,,,,,
,,,,,,,,,,
,,,,,,,,,,
,,,,,,,,,,
,,,,,,,,,,
,,,,,,,,,,
,,,,,,,,,,
,,,,,,,,,,
,,,,,,,,,,
,,,,,,,,,,
,,,,,,,,,,
,,,,,,,,,,
,,,,,,,,,,
,,,,,,,,,,
,,,,,,,,,,
,,,,,,,,,,
,,,,,,,,,,
,,,,,,,,,,
,,,,,,,,,,
,,,,,,,,,,
,,,,,,,,,,
,,,,,,,,,,
,,,,,,,,,,
,,,,,,,,,,
,,,,,,,,,,
,,,,,,,,,,
,,,,,,,,,,
,,,,,,,,,,
,,,,,,,,,,
,,,,,,,,,,
,,,,,,,,,,
,,,,,,,,,,
,,,,,,,,,,
,,,,,,,,,,
,,,,,,,,,,
,,,,,,,,,,
,,,,,,,,,,
,,,,,,,,,,
,,,,,,,,,,
,,,,,,,,,,
,,,,,,,,,,
,,,,,,,,,,
,,,,,,,,,,
,,,,,,,,,,
,,,,,,,,,,
,,,,,,,,,,
,,,,,,,,,,
,,,,,,,,,,
,,,,,,,,,,
,,,,,,,,,,
,,,,,,,,,,
,,,,,,,,,,
,,,,,,,,,,
,,,,,,,,,,
,,,,,,,,,,
,,,,,,,,,,
,,,,,,,,,,
,,,,,,,,,,
,,,,,,,,,,
,,,,,,,,,,
,,,,,,,,,,
,,,,,,,,,,
,,,,,,,,,,
,,,,,,,,,,
,,,,,,,,,,
,,,,,,,,,,
,,,,,,,,,,
,,,,,,,,,,
,,,,,,,,,,
,,,,,,,,,,
,,,,,,,,,,
,,,,,,,,,,
,,,,,,,,,,
,,,,,,,,,,
,,,,,,,,,,
,,,,,,,,,,
,,,,,,,,,,
,,,,,,,,,,
,,,,,,,,,,
,,,,,,,,,,
,,,,,,,,,,
,,,,,,,,,,
,,,,,,,,,,
,,,,,,,,,,
,,,,,,,,,,
,,,,,,,,,,
,,,,,,,,,,
,,,,,,,,,,
,,,,,,,,,,
,,,,,,,,,,
,,,,,,,,,,
,,,,,,,,,,
,,,,,,,,,,
,,,,,,,,,,
,,,,,,,,,,
,,,,,,,,,,
,,,,,,,,,,
,,,,,,,,,,
,,,,,,,,,,
,,,,,,,,,,
,,,,,,,,,,
,,,,,,,,,,
,,,,,,,,,,
,,,,,,,,,,
,,,,,,,,,,
,,,,,,,,,,
,,,,,,,,,,
,,,,,,,,,,
,,,,,,,,,,
,,,,,,,,,,
,,,,,,,,,,
,,,,,,,,,,
,,,,,,,,,,
,,,,,,,,,,
,,,,,,,,,,
,,,,,,,,,,
,,,,,,,,,,
,,,,,,,,,,
,,,,,,,,,,
,,,,,,,,,,
,,,,,,,,,,
,,,,,,,,,,
,,,,,,,,,,
,,,,,,,,,,
,,,,,,,,,,
,,,,,,,,,,
,,,,,,,,,,
,,,,,,,,,,
,,,,,,,,,,
,,,,,,,,,,
,,,,,,,,,,
,,,,,,,,,,
,,,,,,,,,,
,,,,,,,,,,
,,,,,,,,,,
,,,,,,,,,,
,,,,,,,,,,
,,,,,,,,,,
,,,,,,,,,,
,,,,,,,,,,
,,,,,,,,,,
,,,,,,,,,,
,,,,,,,,,,
,,,,,,,,,,
,,,,,,,,,,
,,,,,,,,,,
,,,,,,,,,,
,,,,,,,,,,
,,,,,,,,,,
,,,,,,,,,,
,,,,,,,,,,
,,,,,,,,,,
,,,,,,,,,,
,,,,,,,,,,
,,,,,,,,,,
,,,,,,,,,,
,,,,,,,,,,
,,,,,,,,,,
,,,,,,,,,,
,,,,,,,,,,
,,,,,,,,,,
,,,,,,,,,,
,,,,,,,,,,
,,,,,,,,,,
,,,,,,,,,,
,,,,,,,,,,
,,,,,,,,,,
,,,,,,,,,,
,,,,,,,,,,
,,,,,,,,,,
,,,,,,,,,,
,,,,,,,,,,
,,,,,,,,,,
,,,,,,,,,,
,,,,,,,,,,
,,,,,,,,,,
,,,,,,,,,,
,,,,,,,,,,
,,,,,,,,,,
,,,,,,,,,,
,,,,,,,,,,
,,,,,,,,,,
,,,,,,,,,,
,,,,,,,,,,
,,,,,,,,,,
,,,,,,,,,,
,,,,,,,,,,
,,,,,,,,,,
,,,,,,,,,,
,,,,,,,,,,
,,,,,,,,,,
,,,,,,,,,,
,,,,,,,,,,
,,,,,,,,,,
,,,,,,,,,,
,,,,,,,,,,
,,,,,,,,,,
,,,,,,,,,,
,,,,,,,,,,
,,,,,,,,,,
,,,,,,,,,,
,,,,,,,,,,
,,,,,,,,,,
,,,,,,,,,,
,,,,,,,,,,
,,,,,,,,,,
,,,,,,,,,,
,,,,,,,,,,
,,,,,,,,,,
,,,,,,,,,,
,,,,,,,,,,
,,,,,,,,,,
,,,,,,,,,,
,,,,,,,,,,
,,,,,,,,,,
,,,,,,,,,,
,,,,,,,,,,
,,,,,,,,,,
,,,,,,,,,,
,,,,,,,,,,
,,,,,,,,,,
,,,,,,,,,,
,,,,,,,,,,
,,,,,,,,,,
,,,,,,,,,,
,,,,,,,,,,
,,,,,,,,,,
,,,,,,,,,,
,,,,,,,,,,
,,,,,,,,,,
,,,,,,,,,,
,,,,,,,,,,
,,,,,,,,,,
,,,,,,,,,,
,,,,,,,,,,
,,,,,,,,,,
,,,,,,,,,,
,,,,,,,,,,
,,,,,,,,,,
,,,,,,,,,,
,,,,,,,,,,
,,,,,,,,,,
,,,,,,,,,,
,,,,,,,,,,
,,,,,,,,,,
,,,,,,,,,,
,,,,,,,,,,
,,,,,,,,,,
,,,,,,,,,,
,,,,,,,,,,
,,,,,,,,,,
,,,,,,,,,,
,,,,,,,,,,
,,,,,,,,,,
,,,,,,,,,,
,,,,,,,,,,
,,,,,,,,,,
,,,,,,,,,,
,,,,,,,,,,
,,,,,,,,,,
,,,,,,,,,,
,,,,,,,,,,
,,,,,,,,,,
,,,,,,,,,,
,,,,,,,,,,
,,,,,,,,,,
,,,,,,,,,,
,,,,,,,,,,
